Date,Team,Acquired,Relinquished,Notes
2021-10-19,Jazz,,Trent Forrest,concussion (DTD)
2021-10-19,Magic,,Chuma Okeke,right hip injury (out indefinitely)
2021-10-19,Pistons,,(Sean) Chris Smith,surgery on left knee (out indefinitely)
2021-10-19,Suns,,Dario Saric,recovering from surgery on right knee to repair torn ACL (out for season)
2021-10-20,Cavaliers,,Dean Wade,sprained right ankle (DTD)
2021-10-20,Magic,,Gary Harris,right hamstring injury (DTD)
2021-10-21,Bucks,,Brook Lopez,sore back (DTD)
2021-10-21,Bucks,,Jrue Holiday,bruised right heel (DTD)
2021-10-21,Clippers,,Serge Ibaka,back injury (DTD)
2021-10-21,Hawks,,Danilo Gallinari,sore left shoulder (DTD)
2021-10-21,Jazz,Trent Forrest,,returned to lineup
2021-10-22,Cavaliers,Dean Wade,,returned to lineup
2021-10-22,Kings,,Moe Harkless,sore left hip (DTD)
2021-10-22,Pelicans,,Josh Hart,right quadriceps tendinosis (DTD)
2021-10-22,Wizards,,Anthony Gill,strained right calf (DTD)
2021-10-22,Wizards,,Bradley Beal,bruised right hip (DTD)
2021-10-23,Bucks,Jrue Holiday,,returned to lineup
2021-10-23,Heat,,Kyle Lowry,sprained left ankle (DTD)
2021-10-23,Suns,,Cameron Payne,strained right hamstring (DTD)
2021-10-24,76ers,,Andre Drummond,sprained right ankle (DTD)
2021-10-24,Kings,Moe Harkless,,returned to lineup
2021-10-25,Bucks,,Jrue Holiday,sprained left ankle (DTD)
2021-10-25,Heat,Kyle Lowry,,returned to lineup
2021-10-25,Magic,Gary Harris,,returned to lineup
2021-10-25,Pistons,,Jerami Grant,left elbow injury (DTD)
2021-10-25,Wizards,Bradley Beal,,returned to lineup
2021-10-26,76ers,Andre Drummond,,returned to lineup
2021-10-26,Jazz,,Miye Oni,illness (DTD)
2021-10-26,Lakers,,LeBron James,sore right ankle (DTD)
2021-10-27,Hawks,Danilo Gallinari,,returned to lineup
2021-10-27,Wizards,,Raul Neto,left shoulder injury (DTD)
2021-10-28,Mavericks,,Boban Marjanovic,tightness in lower back (DTD)
2021-10-28,Mavericks,,Trey Burke,NBA health and safety protocols (DTD)
2021-10-28,Pistons,(Sean) Chris Smith,,returned to lineup
2021-10-28,Pistons,Jerami Grant,,returned to lineup
2021-10-28,Wizards,Raul Neto,,returned to lineup
2021-10-29,Celtics,,Marcus Smart,illness (DTD)
2021-10-29,Lakers,LeBron James,,returned to lineup
2021-10-29,Mavericks,Boban Marjanovic,,returned to lineup
2021-10-29,Mavericks,Trey Burke,,returned to lineup
2021-10-29,Pelicans,,Garrett Temple,sprained left ankle (DTD)
2021-10-29,Pelicans,Josh Hart,,returned to lineup
2021-10-30,Jazz,Miye Oni,,returned to lineup
2021-10-30,Magic,Chuma Okeke,,returned to lineup
2021-10-30,Warriors,Jonathan Kuminga,,returned to lineup
2021-10-31,Bucks,,Khris Middleton,illness (DTD)
2021-10-31,Celtics,Marcus Smart,,returned to lineup
2021-10-31,Lakers,,Dwight Howard,stiff neck (DTD)
2021-11-01,76ers,,Tobias Harris,NBA health and safety protocols (DTD)
2021-11-01,Pacers,,Jeremy Lamb,sprained left ankle (DTD)
2021-11-01,Thunder,,Gabriel Deck,bruised left heel (DTD)
2021-11-01,Thunder,,Luguentz Dort,bruised right shoulder (DTD)
2021-11-01,Timberwolves,,Patrick Beverley,left calf injury (DTD)
2021-11-02,Heat,,K.Z. Okpala,sprained right ankle (DTD)
2021-11-02,Pelicans,Garrett Temple,,returned to lineup
2021-11-02,Rockets,,Daniel Theis,right big toe injury (DTD)
2021-11-02,Rockets,,Eric Gordon,nausea (DTD)
2021-11-02,Suns,,Deandre Ayton,right leg injury (DTD)
2021-11-03,Timberwolves,Patrick Beverley,,returned to lineup
2021-11-04,76ers,,Furkan Korkmaz,sore right wrist (DTD)
2021-11-04,Jazz,,Donovan Mitchell,sprained right ankle (DTD)
2021-11-04,Lakers,Dwight Howard,,returned to lineup
2021-11-04,Lakers,Wayne Ellington,,returned to lineup
2021-11-04,Rockets,Eric Gordon,,returned to lineup
2021-11-04,Suns,Deandre Ayton,,returned to lineup
2021-11-04,Thunder,Luguentz Dort,,returned to lineup
2021-11-05,Bucks,Jrue Holiday,,returned to lineup
2021-11-06,76ers,Furkan Korkmaz,,returned to lineup
2021-11-06,Celtics,,Romeo Langford,illness (DTD)
2021-11-06,Clippers,Serge Ibaka,,returned to lineup
2021-11-06,Heat,K.Z. Okpala,,returned to lineup
2021-11-06,Jazz,Donovan Mitchell,,returned to lineup
2021-11-06,Rockets,Daniel Theis,,returned to lineup
2021-11-06,Suns,,Deandre Ayton,right leg injury (DTD)
2021-11-06,Suns,Cameron Payne,,returned to lineup
2021-11-06,Wizards,Anthony Gill,,returned to lineup
2021-11-07,Nets,,James Johnson,sore left knee (DTD)
2021-11-07,Pacers,Jeremy Lamb,,returned to lineup
2021-11-07,Thunder,Gabriel Deck,,returned to lineup
2021-11-07,Kings,,Robert Woodard II,left hamstring injury (DTD)
2021-11-08,Cavaliers,,Collin Sexton,torn meniscus in left knee (out indefinitely)
2021-11-08,Grizzlies,,Yves Pons,sore left ankle (DTD)
2021-11-08,Grizzlies,,Ziaire Williams,sore right wrist (DTD)
2021-11-08,Nets,James Johnson,,returned to lineup
2021-11-09,76ers,,Seth Curry,bruised left foot (DTD)
2021-11-09,Celtics,,Brodric Thomas,sprained left shoulder (DTD)
2021-11-09,Celtics,Romeo Langford,,returned to lineup
2021-11-09,Hawks,,Bogdan Bogdanovic,sore right ankle (DTD)
2021-11-09,Hawks,,De'Andre Hunter,right wrist injury (DTD)
2021-11-09,Kings,Robert Woodard II,,returned to lineup
2021-11-10,Grizzlies,Ziaire Williams,,returned to lineup
2021-11-10,Lakers,,Austin Reaves,strained left hamstring (DTD)
2021-11-10,Lakers,,Rajon Rondo,strained left hamstring (DTD)
2021-11-10,Pelicans,,Naji Marshall,sore right knee (DTD)
2021-11-10,Suns,,Landry Shamet,bruised right foot (DTD)
2021-11-10,Wizards,Cassius Winston,,returned to lineup
2021-11-11,76ers,Seth Curry,,returned to lineup
2021-11-11,Grizzlies,Yves Pons,,returned to lineup
2021-11-12,Hawks,Bogdan Bogdanovic,,returned to lineup
2021-11-12,Hawks,De'Andre Hunter,,returned to lineup
2021-11-12,Lakers,Rajon Rondo,,returned to lineup
2021-11-12,Pelicans,Naji Marshall,,returned to lineup
2021-11-12,Suns,Landry Shamet,,returned to lineup
2021-11-14,Bucks,,George Hill,sore back (DTD)
2021-11-15,76ers,,Danny Green,left hamstring injury (DTD)
2021-11-15,Cavaliers,,Jarrett Allen,illness (DTD)
2021-11-15,Nuggets,,Zeke Nnaji,sprained right ankle (DTD)
2021-11-15,Suns,Deandre Ayton,,returned to lineup
2021-11-17,Bucks,George Hill,,returned to lineup
2021-11-18,Clippers,,Nicolas Batum,sore right Achilles (DTD)
2021-11-18,Timberwolves,,Naz Reid,sore right foot (DTD)
2021-11-19,Bucks,,Rodney Hood,right hamstring injury (DTD)
2021-11-19,Cavaliers,,Collin Sexton,surgery on left knee to repair torn meniscus (out for season)
2021-11-19,Clippers,Nicolas Batum,,returned to lineup
2021-11-19,Warriors,,Otto Porter Jr.,left foot injury (DTD)
2021-11-20,Bucks,Rodney Hood,,returned to lineup
2021-11-20,Magic,,Cole Anthony,sprained right ankle (DTD)
2021-11-20,Timberwolves,Naz Reid,,returned to lineup
2021-11-21,Clippers,,Nicolas Batum,NBA health and safety protocols (DTD)
2021-11-21,Suns,,Abdel Nader,right knee injury (DTD)
2021-11-21,Warriors,Otto Porter Jr.,,returned to lineup
2021-11-22,76ers,,Seth Curry,back injury (DTD)
2021-11-22,76ers,,Tobias Harris,sore left hip (DTD)
2021-11-22,Magic,,Gary Harris,sprained right hand (DTD)
2021-11-24,76ers,Seth Curry,,returned to lineup
2021-11-24,Lakers,,Anthony Davis,flu (DTD)
2021-11-24,Magic,,Terrence Ross,lower back spasms (DTD)
2021-11-24,Magic,Gary Harris,,returned to lineup
2021-11-24,Nets,,David Duke Jr.,left hip flexor injury (DTD)
2021-11-25,Lakers,Anthony Davis,,returned to lineup
2021-11-26,Lakers,Austin Reaves,,returned to lineup
2021-11-26,Magic,Terrence Ross,,returned to lineup
2021-11-27,76ers,,Shake Milton,sore groin (DTD)
2021-11-27,Heat,,Tyler Herro,illness (DTD)
2021-11-27,Magic,,Mo Bamba,lower back spasms (DTD)
2021-11-28,Kings,,Moe Harkless,sore left knee (DTD)
2021-11-29,76ers,Shake Milton,,returned to lineup
2021-11-29,Hornets,,Cody Martin,illness (DTD)
2021-11-29,Magic,Mo Bamba,,returned to lineup
2021-11-29,Nets,,Joe Harris,surgery on left ankle (out for season)
2021-11-29,Nuggets,,Michael Porter Jr.,surgery on back (out for season)
2021-11-29,Thunder,,Mike Muscala,sore right ankle (DTD)
2021-11-29,Timberwolves,,Jarred Vanderbilt,flu (DTD)
2021-11-30,76ers,,Grant Riller,sore right shoulder (DTD)
2021-11-30,Lakers,,Avery Bradley,sprained right thumb (DTD)
2021-11-30,Kings,,Robert Woodard II,sore left ankle (DTD)
2021-12-01,Pelicans,,Josh Hart,sore left knee (DTD)
2021-12-01,Suns,,Devin Booker,left hamstring injury (DTD)
2021-12-01,Timberwolves,Jarred Vanderbilt,,returned to lineup
2021-12-01,Wizards,,Isaiah Todd,toe injury (DTD)
2021-12-02,Bucks,,Brook Lopez,surgery on back (out indefinitely)
2021-12-02,Bucks,,Giannis Antetokounmpo,right calf injury (DTD)
2021-12-02,Knicks,,Jericho Sims,illness (DTD)
2021-12-02,Nuggets,,Bol Bol,NBA health and safety protocols (DTD)
2021-12-02,Thunder,,Kenrich Williams,sprained right ankle (DTD)
2021-12-03,76ers,,Tobias Harris,illness (DTD)
2021-12-03,Lakers,Avery Bradley,,returned to lineup
2021-12-03,Nets,David Duke Jr.,,returned to lineup
2021-12-03,Timberwolves,,Karl-Anthony Towns,tailbone injury (DTD)
2021-12-04,Hornets,Cody Martin,,returned to lineup
2021-12-04,Knicks,Jericho Sims,,returned to lineup
2021-12-04,Nets,,James Johnson,sore left shoulder (DTD)
2021-12-06,76ers,Tobias Harris,,returned to lineup
2021-12-06,Heat,,Udonis Haslem,gastrointestinal ailment (DTD)
2021-12-06,Nets,James Johnson,,returned to lineup
2021-12-06,Pistons,,Cory Joseph,right knee inflammation (DTD)
2021-12-06,Thunder,Kenrich Williams,,returned to lineup
2021-12-06,Timberwolves,Karl-Anthony Towns,,returned to lineup
2021-12-07,Blazers,,,collapsed right lung (out indefinitely)
2021-12-07,Pacers,,T.J. McConnell,surgery on right wrist (out indefinitely)
2021-12-08,Clippers,,Paul George,right elbow injury (DTD)
2021-12-08,Grizzlies,,Ja Morant,NBA health and safety protocols (DTD)
2021-12-08,Heat,Udonis Haslem,,returned to lineup
2021-12-08,Knicks,,Nerlens Noel,sore lower back (DTD)
2021-12-08,Pistons,Cory Joseph,,returned to lineup
2021-12-09,Pelicans,,Kira Lewis Jr.,torn ACL in right knee (out for season)
2021-12-10,Hornets,,Nick Richards,illness (DTD)
2021-12-10,Hornets,,P.J. Washington,illness (DTD)
2021-12-10,Knicks,Nerlens Noel,,returned to lineup
2021-12-10,Lakers,,Anthony Davis,sore left knee (DTD)
2021-12-10,Suns,,Deandre Ayton,illness (DTD)
2021-12-12,Hornets,Nick Richards,,returned to lineup
2021-12-13,76ers,,Joel Embiid,sore ribs (DTD)
2021-12-13,76ers,,Seth Curry,sore right shoulder (DTD)
2021-12-13,Hornets,P.J. Washington,,returned to lineup
2021-12-13,Warriors,,Andre Iguodala,right knee injury (DTD)
2021-12-14,Clippers,,Serge Ibaka,NBA health and safety protocols (DTD)
2021-12-14,Nets,,Bruce Brown,NBA health and safety protocols (DTD)
2021-12-14,Nets,,DeAndre' Bembry,NBA health and safety protocols (DTD)
2021-12-14,Nets,,Jevon Carter,NBA health and safety protocols (DTD)
2021-12-14,Raptors,,Dalano Banton,illness (DTD)
2021-12-14,Suns,Deandre Ayton,,returned to lineup
2021-12-14,Warriors,,Otto Porter Jr.,left foot injury (DTD)
2021-12-14,Warriors,Andre Iguodala,,returned to lineup
2021-12-15,76ers,Joel Embiid,,returned to lineup
2021-12-15,76ers,Seth Curry,,returned to lineup
2021-12-15,Blazers,,Dennis Smith Jr.,right knee injury (DTD)
2021-12-15,Cavaliers,,Evan Mobley,right hip injury (DTD)
2021-12-15,Heat,,Tyler Herro,bruised right quadriceps (DTD)
2021-12-15,Lakers,Anthony Davis,,returned to lineup
2021-12-15,Magic,,Gary Harris,left hamstring injury (DTD)
2021-12-15,Magic,,Mo Bamba,sprained right ankle (DTD)
2021-12-15,Pacers,,Torrey Craig,illness (DTD)
2021-12-16,76ers,,Tyrese Maxey,bruised left quadricep (DTD)
2021-12-16,Pacers,Torrey Craig,,returned to lineup
2021-12-16,Raptors,Dalano Banton,,returned to lineup
2021-12-17,Bucks,,Thanasis Antetokounmpo,strained right calf (DTD)
2021-12-17,Magic,,Cole Anthony,sprained right ankle (DTD)
2021-12-17,Magic,Gary Harris,,returned to lineup
2021-12-17,Nets,,Kevin Durant,sore right ankle (DTD)
2021-12-17,Warriors,Otto Porter Jr.,,returned to lineup
2021-12-18,Bucks,Thanasis Antetokounmpo,,returned to lineup
2021-12-18,Celtics,,Romeo Langford,neck injury (DTD)
2021-12-18,Knicks,,Derrick Rose,sore right ankle (DTD)
2021-12-18,Knicks,,Miles McBride,NBA health and safety protocols (DTD)
2021-12-18,Lakers,,Anthony Davis,sprained MCL in left knee (out indefinitely)
2021-12-18,Magic,,Wendell Carter Jr.,right leg injury (DTD)
2021-12-18,Warriors,,Andre Iguodala,right knee injury (DTD)
2021-12-18,Warriors,,Andrew Wiggins,sore left knee (DTD)
2021-12-19,Cavaliers,,Denzel Valentine,NBA health and safety protocols (DTD)
2021-12-19,Clippers,,Isaiah Hartenstein,sprained left ankle (DTD)
2021-12-19,Suns,Devin Booker,,returned to lineup
2021-12-19,Warriors,Andre Iguodala,,returned to lineup
2021-12-19,76ers,Grant Riller,,returned to lineup
2021-12-20,Celtics,Romeo Langford,,returned to lineup
2021-12-20,Heat,,P.J. Tucker,left leg injury (DTD)
2021-12-20,Hornets,,Gordon Hayward,back injury (DTD)
2021-12-21,Bulls,,Devon Dotson,NBA health and safety protocols (DTD)
2021-12-21,Heat,Tyler Herro,,returned to lineup
2021-12-21,Raptors,,Justin Champagnie,illness (DTD)
2021-12-22,76ers,Tyrese Maxey,,returned to lineup
2021-12-22,Bucks,,Grayson Allen,illness (DTD)
2021-12-22,Hornets,Gordon Hayward,,returned to lineup
2021-12-22,Pelicans,,Jonas Valanciunas,illness (DTD)
2021-12-23,Bucks,Grayson Allen,,returned to lineup
2021-12-23,Knicks,,Derrick Rose,surgery on right ankle (out for season)
2021-12-23,Magic,Cole Anthony,,returned to lineup
2021-12-23,Magic,Wendell Carter Jr.,,returned to lineup
2021-12-23,Mavericks,,Eugene Omoruyi,surgery on right toe (out indefinitely)
2021-12-23,Wizards,Rui Hachimura,,returned to lineup
2021-12-23,Pistons,,Isaiah Livers,conditioning (DTD)
2021-12-24,Nets,Bruce Brown,,returned to lineup
2021-12-24,Nets,DeAndre' Bembry,,returned to lineup
2021-12-25,Knicks,,Danuel House Jr.,finger injury (DTD)
2021-12-26,Suns,,Elfrid Payton,NBA health and safety protocols (DTD)
2021-12-26,Suns,,Ish Wainright,sore lower back (DTD)
2021-12-28,Nuggets,,Vlatko Cancar,illness (DTD)
2021-12-29,Knicks,,Evan Fournier,sore right ankle (DTD)
2021-12-30,Suns,Elfrid Payton,,returned to lineup
2021-12-31,Knicks,,Kemba Walker,sore left knee (DTD)
2021-12-31,Knicks,Evan Fournier,,returned to lineup
2021-12-31,Mavericks,,Frank Ntilikina,left thigh injury (DTD)
2022-01-01,Nuggets,Vlatko Cancar,,returned to lineup
2022-01-01,Spurs,,Keita Bates-Diop,right hamstring injury (DTD)
2022-01-02,Cavaliers,,Dylan Windler,sore left knee (DTD)
2022-01-02,Mavericks,Frank Ntilikina,,returned to lineup
2022-01-04,Cavaliers,Dylan Windler,,returned to lineup
2022-01-04,Spurs,Keita Bates-Diop,,returned to lineup
2022-01-05,Thunder,,Derrick Favors,sore lower back (DTD)
2022-01-06,Bucks,,Jrue Holiday,NBA health and safety protocols (DTD)
2022-01-06,Knicks,,Ryan Arcidiacono,sprained left ankle (DTD)
2022-01-07,Jazz,,Jordan Clarkson,tightness in lower back (DTD)
2022-01-07,Jazz,,Royce O'Neale,patellar tendinitis in right knee (DTD)
2022-01-08,Jazz,,Elijah Hughes,illness (DTD)
2022-01-08,Jazz,Jordan Clarkson,,returned to lineup
2022-01-08,Jazz,Royce O'Neale,,returned to lineup
2022-01-08,Magic,,Wendell Carter Jr.,left hamstring injury (DTD)
2022-01-09,Kings,,Moe Harkless,sore right ankle (DTD)
2022-01-10,Kings,,Tristan Thompson,right quadricep injury (DTD)
2022-01-10,Kings,Moe Harkless,,returned to lineup
2022-01-10,Suns,,Cameron Johnson,sprained left ankle (DTD)
2022-01-11,Pistons,,Cory Joseph,bruised left knee (DTD)
2022-01-12,Blazers,,Damian Lillard,surgery to repair abdominal injury (out for season)
2022-01-12,Jazz,,Danuel House Jr.,illness (DTD)
2022-01-13,Blazers,,Cody Zeller,right knee injury (DTD)
2022-01-13,Pistons,Cory Joseph,,returned to lineup
2022-01-13,Knicks,Ryan Arcidiacono,,returned to lineup
2022-01-15,Jazz,Danuel House Jr.,,returned to lineup
2022-01-15,Knicks,,Nerlens Noel,sore left knee (DTD)
2022-01-15,Nuggets,,Austin Rivers,illness (DTD)
2022-01-15,Pistons,(Sean) Chris Smith,,returned to lineup
2022-01-15,Raptors,,Scottie Barnes,right knee injury (DTD)
2022-01-16,Raptors,Scottie Barnes,,returned to lineup
2022-01-17,Nets,,DeAndre' Bembry,back spasms (DTD)
2022-01-17,Suns,,Deandre Ayton,sprained right ankle (DTD)
2022-01-17,Suns,Cameron Johnson,,returned to lineup
2022-01-18,Nuggets,Austin Rivers,,returned to lineup
2022-01-18,Warriors,,Andre Iguodala,left hip injury (DTD)
2022-01-19,Pistons,,Killian Hayes,bruised right hip (DTD)
2022-01-19,Thunder,,Derrick Favors,sore lower back (DTD)
2022-01-19,Warriors,,Otto Porter Jr.,left foot injury (DTD)
2022-01-19,Warriors,Andre Iguodala,,returned to lineup
2022-01-19,Knicks,,Ryan Arcidiacono,sprained left ankle (DTD)
2022-01-20,Bulls,,Lonzo Ball,surgery on left knee (out for season)
2022-01-21,Thunder,Derrick Favors,,returned to lineup
2022-01-21,Warriors,Otto Porter Jr.,,returned to lineup
2022-01-22,Bucks,,Grayson Allen,sore left hip (DTD)
2022-01-22,Bulls,,Alex Caruso,fractured right wrist (out indefinitely)
2022-01-23,Hornets,,Gordon Hayward,right foot injury (DTD)
2022-01-23,Magic,,Gary Harris,back spasms (DTD)
2022-01-23,Magic,,Terrence Ross,sore right knee (DTD)
2022-01-23,Nuggets,,Bones Hyland,illness (DTD)
2022-01-23,Suns,,Jae Crowder,left wrist injury (DTD)
2022-01-24,Jazz,,Joe Ingles,sprained right ankle (DTD)
2022-01-24,Jazz,,Royce O'Neale,right knee tendinitis (DTD)
2022-01-24,Nuggets,Bones Hyland,,returned to lineup
2022-01-25,Blazers,,Cody Zeller,surgery on right knee (out indefinitely)
2022-01-25,Jazz,Joe Ingles,,returned to lineup
2022-01-25,Jazz,Royce O'Neale,,returned to lineup
2022-01-25,Magic,Gary Harris,,returned to lineup
2022-01-25,Magic,Terrence Ross,,returned to lineup
2022-01-25,Pelicans,,Devonte' Graham,sore left ankle (DTD)
2022-01-25,Raptors,,Scottie Barnes,right wrist injury (DTD)
2022-01-26,Blazers,,Dennis Smith Jr.,sprained right ankle (DTD)
2022-01-26,Nets,,James Harden,left hamstring injury (DTD)
2022-01-26,Nets,,Nic Claxton,left hamstring injury (DTD)
2022-01-26,Raptors,Scottie Barnes,,returned to lineup
2022-01-26,Rockets,,Usman Garuba,surgery on left wrist (out indefinitely)
2022-01-27,Pelicans,Devonte' Graham,,returned to lineup
2022-01-28,Blazers,Dennis Smith Jr.,,returned to lineup
2022-01-28,Hornets,,Kelly Oubre Jr.,sprained left ankle (DTD)
2022-01-28,Lakers,,Malik Monk,left groin injury (DTD)
2022-01-28,Nets,James Harden,,returned to lineup
2022-01-28,Nets,Nic Claxton,,returned to lineup
2022-01-29,Nets,,James Harden,right hand injury (DTD)
2022-01-29,Warriors,,Nemanja Bjelica,back spasms (DTD)
2022-01-29,Knicks,Ryan Arcidiacono,,returned to lineup
2022-01-30,Lakers,Malik Monk,,returned to lineup
2022-01-31,Heat,,P.J. Tucker,left knee injury (DTD)
2022-01-31,Jazz,,Joe Ingles,torn ACL in left knee (out for season)
2022-01-31,Pacers,,Oshae Brissett,sore right ankle (DTD)
2022-02-01,Heat,P.J. Tucker,,returned to lineup
2022-02-01,Kings,,Terence Davis,surgery on right wrist to repair tendon (out for season)
2022-02-01,Nets,James Harden,,returned to lineup
2022-02-01,Suns,Jae Crowder,,returned to lineup
2022-02-02,76ers,,Seth Curry,back spasms (DTD)
2022-02-02,Hornets,Kelly Oubre Jr.,,returned to lineup
2022-02-02,Jazz,,Hassan Whiteside,strained lower back (DTD)
2022-02-02,Jazz,,Jordan Clarkson,sore right knee (DTD)
2022-02-03,Pistons,,Cade Cunningham,right hip pointer (DTD)
2022-02-04,76ers,Seth Curry,,returned to lineup
2022-02-04,Bulls,,Coby White,strained right adductor (DTD)
2022-02-04,Jazz,Hassan Whiteside,,returned to lineup
2022-02-04,Mavericks,,Maxi Kleber,left knee injury (DTD)
2022-02-04,Nets,,James Harden,tightness in left hamstring (DTD)
2022-02-04,Pacers,Oshae Brissett,,returned to lineup
2022-02-05,Lakers,,Dwight Howard,back injury (DTD)
2022-02-06,76ers,,Matisse Thybulle,sore right shoulder (DTD)
2022-02-06,Nets,,Nic Claxton,left hamstring injury (DTD)
2022-02-07,Bulls,Coby White,,returned to lineup
2022-02-08,76ers,Matisse Thybulle,,returned to lineup
2022-02-08,Mavericks,Maxi Kleber,,returned to lineup
2022-02-08,Warriors,,Andre Iguodala,tightness in lower back (DTD)
2022-02-08,Wizards,,Bradley Beal,surgery on left wrist (out for season)
2022-02-09,Clippers,,Jay Scrubb,surgery on right foot (out for season)
2022-02-09,Grizzlies,,Xavier Tillman,right thigh injury (DTD)
2022-02-09,Lakers,,Russell Westbrook,tightness in lower back (DTD)
2022-02-09,Pelicans,,Larry Nance Jr.,surgery on right knee (out indefinitely)
2022-02-11,Pistons,Cade Cunningham,,returned to lineup
2022-02-11,Jazz,,Danuel House Jr.,sore right shoulder (DTD)
2022-02-12,Kings,,Jeremy Lamb,sore left ankle (DTD)
2022-02-12,Lakers,Russell Westbrook,,returned to lineup
2022-02-13,Jazz,Danuel House Jr.,,returned to lineup
2022-02-13,Nets,Nic Claxton,,returned to lineup
2022-02-13,Pacers,,Chris Duarte,left big toe injury (DTD)
2022-02-13,Pistons,,Frank Jackson,back spasms (DTD)
2022-02-15,Bucks,,Wes Matthews Jr.,toe injury (DTD)
2022-02-15,Heat,,Udonis Haslem,right eye injury (DTD)
2022-02-15,Mavericks,,Trey Burke,sprained left shoulder (DTD)
2022-02-15,Thunder,,Ty Jerome,sore left hip (DTD)
2022-02-16,Pacers,,Goga Bitadze,sore right foot (DTD)
2022-02-17,Bucks,Wes Matthews Jr.,,returned to lineup
2022-02-17,Heat,Udonis Haslem,,returned to lineup
2022-02-17,Hornets,,Nick Richards,sore right foot (DTD)
2022-02-17,Mavericks,,Frank Ntilikina,sore left ankle (DTD)
2022-02-17,Nets,,James Johnson,sore right wrist (DTD)
2022-02-17,76ers,,Jaden Springer,sore left knee (DTD)
2022-02-23,Nets,James Johnson,,returned to lineup
2022-02-24,Kings,,Richaun Holmes,sore back (DTD)
2022-02-24,Mavericks,Frank Ntilikina,,returned to lineup
2022-02-25,Mavericks,Trey Burke,,returned to lineup
2022-02-25,Pacers,Goga Bitadze,,returned to lineup
2022-02-25,Timberwolves,,Malik Beasley,illness (DTD)
2022-02-27,Mavericks,,Frank Ntilikina,sprained right ankle (DTD)
2022-02-28,Pacers,,Malcolm Brogdon,right Achilles injury (DTD)
2022-02-28,Raptors,,Fred VanVleet,sore right knee (DTD)
2022-02-28,Timberwolves,Malik Beasley,,returned to lineup
2022-03-01,Nets,,Andre Drummond,sore left knee (DTD)
2022-03-01,Pacers,Malcolm Brogdon,,returned to lineup
2022-03-01,Pistons,Frank Jackson,,returned to lineup
2022-03-01,Thunder,,Aaron Wiggins,sprained right ankle (DTD)
2022-03-01,Timberwolves,,Anthony Edwards,patella tendinopathy in left knee (DTD)
2022-03-01,Warriors,,Nemanja Bjelica,bruised right quadriceps (DTD)
2022-03-02,Pacers,,Chris Duarte,left big toe injury (DTD)
2022-03-02,Thunder,,Derrick Favors,sore lower back (DTD)
2022-03-02,Warriors,Nemanja Bjelica,,returned to lineup
2022-03-03,Lakers,,Talen Horton-Tucker,sprained left ankle (DTD)
2022-03-03,Mavericks,Frank Ntilikina,,returned to lineup
2022-03-03,Nets,Andre Drummond,,returned to lineup
2022-03-04,Pacers,,Goga Bitadze,sore right foot (DTD)
2022-03-05,Blazers,,Greg Brown III,illness (DTD)
2022-03-05,Kings,,Jeremy Lamb,sore left hip (DTD)
2022-03-05,Lakers,Talen Horton-Tucker,,returned to lineup
2022-03-06,Blazers,,Anfernee Simons,bruised left quadricep (DTD)
2022-03-06,Knicks,,Taj Gibson,illness (DTD)
2022-03-06,Pacers,,Lance Stephenson,sprained left ankle (DTD)
2022-03-06,Pacers,Goga Bitadze,,returned to lineup
2022-03-06,Thunder,Aaron Wiggins,,returned to lineup
2022-03-07,Blazers,Greg Brown III,,returned to lineup
2022-03-07,Knicks,Taj Gibson,,returned to lineup
2022-03-07,Lakers,,LeBron James,sore left knee (DTD)
2022-03-07,Pistons,,Hamidou Diallo,illness (DTD)
2022-03-07,Warriors,,Otto Porter Jr.,illness (DTD)
2022-03-08,Pacers,Chris Duarte,,returned to lineup
2022-03-08,Pistons,Hamidou Diallo,,returned to lineup
2022-03-08,Thunder,,Mike Muscala,surgery on right ankle (out for season)
2022-03-08,Thunder,,Ty Jerome,surgery to repair sports hernia (out for season)
2022-03-09,Hornets,,Jalen McDaniels,sore left ankle (DTD)
2022-03-09,Lakers,,Talen Horton-Tucker,sprained left ankle (DTD)
2022-03-09,Lakers,LeBron James,,returned to lineup
2022-03-09,Nuggets,,Bones Hyland,sore right knee (DTD)
2022-03-09,Thunder,,Tre Mann,sprained left ankle (DTD)
2022-03-10,Nuggets,Bones Hyland,,returned to lineup
2022-03-10,Pistons,,(Sean) Chris Smith,sprained left knee (DTD)
2022-03-10,Pistons,,Rodney McGruder,strained left hamstring (DTD)
2022-03-11,Hornets,Jalen McDaniels,,returned to lineup
2022-03-11,Lakers,Talen Horton-Tucker,,returned to lineup
2022-03-11,Mavericks,,Dorian Finney-Smith,right arm injury (DTD)
2022-03-12,Jazz,,Rudy Gobert,strained left foot (DTD)
2022-03-12,Spurs,,Joe Wieskamp,illness (DTD)
2022-03-13,Mavericks,Dorian Finney-Smith,,returned to lineup
2022-03-13,Nets,,Seth Curry,sore left ankle (DTD)
2022-03-13,Pacers,,Chris Duarte,left big toe injury (DTD)
2022-03-13,Pacers,,Goga Bitadze,sore right foot (DTD)
2022-03-13,Rockets,,Eric Gordon,right knee tendinitis (DTD)
2022-03-13,Thunder,,Aaron Wiggins,illness (DTD)
2022-03-13,Thunder,Tre Mann,,returned to lineup
2022-03-14,Jazz,Rudy Gobert,,returned to lineup
2022-03-14,Spurs,Joe Wieskamp,,returned to lineup
2022-03-14,Timberwolves,,Jordan McLaughlin,right groin injury (DTD)
2022-03-15,Nets,,Cam Thomas,back injury (DTD)
2022-03-15,Pacers,Chris Duarte,,returned to lineup
2022-03-15,Pacers,Lance Stephenson,,returned to lineup
2022-03-15,Pistons,,Cade Cunningham,illness (DTD)
2022-03-15,Pistons,Rodney McGruder,,returned to lineup
2022-03-15,Thunder,Aaron Wiggins,,returned to lineup
2022-03-16,Nets,Cam Thomas,,returned to lineup
2022-03-16,Suns,,Jae Crowder,left groin injury (DTD)
2022-03-16,Timberwolves,Jordan McLaughlin,,returned to lineup
2022-03-18,Jazz,,Hassan Whiteside,illness (DTD)
2022-03-18,Lakers,,Talen Horton-Tucker,sprained left ankle (DTD)
2022-03-18,Nets,Seth Curry,,returned to lineup
2022-03-18,Pacers,Goga Bitadze,,returned to lineup
2022-03-19,Lakers,Talen Horton-Tucker,,returned to lineup
2022-03-19,Pistons,Cade Cunningham,,returned to lineup
2022-03-19,Wizards,,Kyle Kuzma,right knee tendinitis (out for season)
2022-03-20,Blazers,,Justise Winslow,sore right Achilles (DTD)
2022-03-20,Jazz,Hassan Whiteside,,returned to lineup
2022-03-20,Suns,,Cameron Payne,illness (DTD)
2022-03-20,Suns,Jae Crowder,,returned to lineup
2022-03-21,Blazers,Justise Winslow,,returned to lineup
2022-03-21,Nets,,Andre Drummond,illness (DTD)
2022-03-21,Pistons,,Kelly Olynyk,sore left ankle (DTD)
2022-03-21,Thunder,,Olivier Sarr,illness (DTD)
2022-03-22,Nets,Andre Drummond,,returned to lineup
2022-03-22,Pistons,Kelly Olynyk,,returned to lineup
2022-03-22,Suns,Cameron Payne,,returned to lineup
2022-03-23,Knicks,,Mitchell Robinson,sore lower back (DTD)
2022-03-23,Nets,,Goran Dragic,sore left knee (DTD)
2022-03-23,Nets,,Seth Curry,sprained left ankle (DTD)
2022-03-23,Pacers,,Jalen Smith,illness (DTD)
2022-03-23,Pistons,,(Sean) Chris Smith,surgery on left knee to repair torn ACL (out for season) (date approximate)
2022-03-23,Thunder,Olivier Sarr,,returned to lineup
2022-03-23,Warriors,,Otto Porter Jr.,lower back injury (DTD)
2022-03-24,Mavericks,,Trey Burke,illness (DTD)
2022-03-24,Warriors,Otto Porter Jr.,,returned to lineup
2022-03-25,Blazers,,Justise Winslow,left calf inflammation (out for season)
2022-03-25,Hawks,,Bogdan Bogdanovic,sore right knee (DTD)
2022-03-25,Jazz,,Udoka Azubuike,surgery on right foot (out for season)
2022-03-25,Knicks,Mitchell Robinson,,returned to lineup
2022-03-25,Wizards,,Daniel Gafford,strained neck (DTD)
2022-03-26,Nets,Goran Dragic,,returned to lineup
2022-03-26,Nets,Seth Curry,,returned to lineup
2022-03-26,Pacers,,Duane Washington Jr.,bruised right hip (DTD)
2022-03-26,Pacers,,Goga Bitadze,sore right foot (DTD)
2022-03-26,Pacers,,Malcolm Brogdon,conditioning (DTD)
2022-03-26,Pacers,Jalen Smith,,returned to lineup
2022-03-26,Spurs,,Devin Vassell,sore right Achilles (DTD)
2022-03-27,Jazz,,Rudy Gobert,right leg injury (DTD)
2022-03-27,Mavericks,Trey Burke,,returned to lineup
2022-03-27,Wizards,Daniel Gafford,,returned to lineup
2022-03-28,Blazers,,Greg Brown III,left eye injury (DTD)
2022-03-28,Blazers,,Trendon Watford,bruised left knee (out for season)
2022-03-28,Hawks,,De'Andre Hunter,sore right knee (DTD)
2022-03-28,Hawks,Bogdan Bogdanovic,,returned to lineup
2022-03-28,Kings,,Alex Len,illness (DTD)
2022-03-28,Pacers,,Oshae Brissett,sore back (DTD)
2022-03-28,Pacers,Goga Bitadze,,returned to lineup
2022-03-28,Pacers,Malcolm Brogdon,,returned to lineup
2022-03-28,Spurs,Devin Vassell,,returned to lineup
2022-03-28,Thunder,,Tre Mann,strained right hamstring (out for season)
2022-03-29,Jazz,Rudy Gobert,,returned to lineup
2022-03-30,Blazers,Greg Brown III,,returned to lineup
2022-03-30,Hawks,De'Andre Hunter,,returned to lineup
2022-03-30,Kings,Alex Len,,returned to lineup
2022-03-30,Mavericks,,Frank Ntilikina,sprained right ankle (DTD)
2022-03-30,Pacers,Duane Washington Jr.,,returned to lineup
2022-04-01,Clippers,,Marcus Morris,sore left knee (DTD)
2022-04-01,Clippers,,Nicolas Batum,sore left ankle (DTD)
2022-04-01,Grizzlies,,Desmond Bane,sore left ankle (DTD)
2022-04-01,Knicks,,Julius Randle,right quadricep injury (out for season)
2022-04-01,Mavericks,Frank Ntilikina,,returned to lineup
2022-04-01,Pacers,Oshae Brissett,,returned to lineup
2022-04-01,Pistons,,Cory Joseph,lumbar spine injury (out for season)
2022-04-01,Spurs,,Dejounte Murray,illness (DTD)
2022-04-01,Thunder,,Aleksej Pokusevski,flu (DTD)
2022-04-02,Clippers,Marcus Morris,,returned to lineup
2022-04-02,Clippers,Nicolas Batum,,returned to lineup
2022-04-02,Knicks,,Miles McBride,sore right knee (DTD)
2022-04-02,Mavericks,,Maxi Kleber,sore right ankle (DTD)
2022-04-02,Nets,,Seth Curry,sore left ankle (DTD)
2022-04-03,Kings,,Alex Len,sore back (out for season)
2022-04-03,Knicks,Miles McBride,,returned to lineup
2022-04-03,Nets,,Ben Simmons,back injury (out for season)
2022-04-03,Pistons,,Cade Cunningham,right hip injury (DTD)
2022-04-03,Suns,,Jae Crowder,sore right ankle (DTD)
2022-04-03,Thunder,Aleksej Pokusevski,,returned to lineup
2022-04-03,Warriors,,Klay Thompson,placed on IL with right Achilles tendon injury
2022-04-03,Pistons,(Sean) Chris Smith,,returned to lineup
2022-04-04,Blazers,,Brandon Williams (b. 1975-02-27),bruised left quadricep (DTD)
2022-04-04,Grizzlies,Desmond Bane,,returned to lineup
2022-04-04,Heat,,Markieff Morris,left hip flexor injury (DTD)
2022-04-04,Pistons,,Rodney McGruder,strained left hip (DTD)
2022-04-04,Pistons,Cade Cunningham,,returned to lineup
2022-04-04,Suns,Jae Crowder,,returned to lineup
2022-04-05,Hawks,,Danilo Gallinari,left knee inflammation (DTD)
2022-04-06,Hawks,Danilo Gallinari,,returned to lineup
2022-04-06,Knicks,,Mitchell Robinson,illness (out for season)
2022-04-06,Nets,Seth Curry,,returned to lineup
2022-04-06,Suns,,Chris Paul,right thumb injury (DTD)
2022-04-06,Suns,,Deandre Ayton,sore right ankle (DTD)
2022-04-06,Suns,,Devin Booker,sore lower back (DTD)
2022-04-06,Suns,,Jae Crowder,sore right ankle (DTD)
2022-04-07,Blazers,Brandon Williams (b. 1975-02-27),,returned to lineup
2022-04-07,Pistons,Rodney McGruder,,returned to lineup
2022-04-07,Suns,Chris Paul,,returned to lineup
2022-04-07,Suns,Deandre Ayton,,returned to lineup
2022-04-07,Suns,Devin Booker,,returned to lineup
2022-04-07,Suns,Jae Crowder,,returned to lineup
2022-04-08,Heat,Markieff Morris,,returned to lineup
2022-04-08,Mavericks,,Brandon Knight,player became a free agent
2022-04-08,Suns,,Cameron Payne,sore right knee (DTD)
2022-04-09,76ers,,Georges Niang,left knee injury (DTD)
2022-04-09,Knicks,,R.J. Barrett,sprained right knee (out for season)
2022-04-09,Pacers,,Jalen Smith,left groin injury (out for season)
2022-04-09,76ers,,Charles Bassey,right shoulder injury (DTD)
2022-04-10,76ers,,Joel Embiid,sore right knee (DTD)
2022-04-10,Blazers,,Drew Eubanks,sprained right wrist (out for season)
2022-04-10,Bucks,,Bobby Portis,sore left shoulder (DTD)
2022-04-10,Bucks,,Khris Middleton,sore left wrist (DTD)
2022-04-10,Bulls,,Coby White,sprained toe (DTD)
2022-04-10,Clippers,,Nicolas Batum,sore left ankle (out for season)
2022-04-10,Clippers,,Norman Powell,left foot injury (out for season)
2022-04-10,Grizzlies,,Tyus Jones,sore left hand (DTD)
2022-04-10,Heat,,Markieff Morris,left hip flexor injury (DTD)
2022-04-10,Hornets,,Nick Richards,left hand injury (out for season)
2022-04-10,Knicks,,Miles McBride,sore right knee (out for season)
2022-04-10,Nets,,Seth Curry,sore left ankle (DTD)
2022-04-10,Suns,,Chris Paul,right thumb injury (DTD)
2022-04-10,Suns,,Jae Crowder,sore right ankle (DTD)
2022-04-10,Warriors,Klay Thompson,,returned to lineup
2022-04-11,Nets,Seth Curry,,returned to lineup
2022-04-12,Clippers,,Luke Kennard,sore right hamstring (out for season)
2022-04-12,Timberwolves,,Taurean Prince,right knee inflammation (DTD)
2022-04-13,Suns,Cameron Payne,,returned to lineup
2022-04-15,76ers,Joel Embiid,,returned to lineup
2022-04-15,Grizzlies,Tyus Jones,,returned to lineup
2022-04-16,Bucks,Bobby Portis,,returned to lineup
2022-04-16,Bucks,Khris Middleton,,returned to lineup
2022-04-16,Bulls,Coby White,,returned to lineup
2022-04-16,Timberwolves,Taurean Prince,,returned to lineup
2022-04-17,Suns,Chris Paul,,returned to lineup
2022-04-17,Suns,Jae Crowder,,returned to lineup
2022-04-18,Warriors,,Andre Iguodala,neck spasms (DTD)
2022-04-19,Nets,,Kyrie Irving,sore right knee (DTD)
2022-04-21,Suns,,Devin Booker,strained right hamstring (DTD)
2022-04-21,Warriors,Andre Iguodala,,returned to lineup
2022-04-24,Bucks,,Luca Vildoza,illness (DTD)
2022-04-26,Bucks,Luca Vildoza,,returned to lineup
2022-04-26,Hawks,,Bogdan Bogdanovic,sore right knee (out for season)
2022-04-28,Suns,Devin Booker,,returned to lineup
2022-04-29,Grizzlies,,Ziaire Williams,sore right knee (DTD)
2022-05-03,Grizzlies,Ziaire Williams,,returned to lineup
2022-05-06,Suns,,Torrey Craig,right elbow injury (DTD)
2022-05-10,Suns,Torrey Craig,,returned to lineup
2022-05-13,Warriors,,Otto Porter Jr.,sore right foot (DTD)
2022-05-17,Warriors,Otto Porter Jr.,,returned to lineup
2022-05-24,Warriors,,Otto Porter Jr.,sore left foot (DTD)
2022-06-02,Warriors,Otto Porter Jr.,,returned to lineup
2022-06-07,Pelicans,,Brandon Ingram,surgery on right fifth finger to repair flexion contracture (out for season)
2022-06-14,Hawks,,Bogdan Bogdanovic,surgery on right knee to repair patella tendon (date approximate)
2022-06-14,Hawks,,Jalen Johnson,nonsurgical procedure on left knee to relieve tendinitis (date approximate)
2022-06-30,Grizzlies,,Jaren Jackson Jr.,surgery on right foot to repair stress fracture (out indefinitely)
2022-07-11,Pelicans,,E.J. Liddell,torn ACL in right knee (out for season)
2022-07-12,Bucks,,Khris Middleton,surgery on left wrist to repair torn ligament (out indefinitely) (date approximate)
2022-07-26,Pelicans,,E.J. Liddell,surgery on right knee to repair torn ACL (out for season)
2022-08-25,Thunder,,Chet Holmgren,Lisfranc injury in right foot (out for season)
2022-09-01,Bulls,,Lonzo Ball,surgery on left knee (out for season)
2022-09-02,Celtics,,Danilo Gallinari,torn ACL in left knee (out for season)
2022-09-23,Celtics,,Danilo Gallinari,surgery on left knee to repair torn ACL (out for season)
2022-09-28,Nets,,Seth Curry,surgery on ankle (out indefinitely)
2022-09-30,Wizards,,Will Barton,tightness in lower back (DTD)
2022-10-02,Jazz,,Udoka Azubuike,surgery on right ankle (out indefinitely)
2022-10-03,Magic,,Admiral Schofield,sore left knee (DTD)
2022-10-03,Magic,,Gary Harris,surgery on left knee to repair meniscus (out indefinitely)
2022-10-03,Magic,,Markelle Fultz,fractured left big toe (out indefinitely)
2022-10-10,Heat,,Omer Yurtseven,sore left ankle (DTD)
2022-10-10,Nuggets,,Collin Gillespie,fractured lower leg (out indefinitely)
2022-10-11,Hornets,,LaMelo Ball,sprained left ankle (DTD)
2022-10-16,Bucks,,Khris Middleton,recovering from surgery on left wrist to repair torn ligament (out indefinitely)
2022-10-16,Hawks,,Bogdan Bogdanovic,recovering from surgery on right knee to repair patella tendon (out indefinitely)
2022-10-19,Blazers,,Olivier Sarr,wrist injury (DTD)
2022-10-19,Cavaliers,,Dylan Windler,ankle injury (DTD)
2022-10-19,Grizzlies,,Ziaire Williams,knee injury (DTD)
2022-10-19,Heat,,Omer Yurtseven,"bone spur, stress reaction in left ankle (surgery) (out indefinitely)"
2022-10-19,Lakers,,Thomas Bryant,thumb injury (DTD)
2022-10-19,Magic,,Cole Anthony,illness (DTD)
2022-10-19,Magic,,Moe Wagner,foot injury (DTD)
2022-10-19,Nuggets,,Collin Gillespie,leg injury (DTD)
2022-10-19,Pacers,,Myles Turner,ankle injury (DTD)
2022-10-19,Pelicans,,Jaxson Hayes,elbow injury (DTD)
2022-10-19,Pelicans,,Kira Lewis Jr.,knee injury (DTD)
2022-10-19,Rockets,,TyTy Washington Jr.,knee injury (DTD)
2022-10-19,Wizards,,Corey Kispert,sprained left ankle (DTD)
2022-10-23,Pelicans,Jaxson Hayes,,returned to lineup
2022-10-23,Thunder,,Shai Gilgeous-Alexander,bruised left hip (DTD)
2022-10-24,Blazers,,Justise Winslow,ankle injury (DTD)
2022-10-24,Rockets,,Alperen Sengun,illness (DTD)
2022-10-25,Suns,,Ish Wainright,sore lower back (DTD)
2022-10-25,Thunder,Shai Gilgeous-Alexander,,returned to lineup
2022-10-26,Blazers,Justise Winslow,,returned to lineup
2022-10-26,Pacers,Myles Turner,,returned to lineup
2022-10-26,Pistons,,Jaden Ivey,illness (DTD)
2022-10-26,Spurs,,Joshua Primo,illness (DTD)
2022-10-27,Blazers,,Damian Lillard,strained right calf (DTD)
2022-10-27,Heat,,Dewayne Dedmon,foot injury (DTD)
2022-10-27,Magic,,Cole Anthony,right oblique muscle injury (DTD)
2022-10-28,Lakers,,Anthony Davis,tightness in lower back (DTD)
2022-10-28,Pistons,Jaden Ivey,,returned to lineup
2022-10-28,Timberwolves,,Jordan McLaughlin,heel injury (DTD)
2022-10-29,Pacers,,Aaron Nesmith,right foot injury (DTD)
2022-10-29,Pacers,,T.J. McConnell,right knee injury (DTD)
2022-10-30,Lakers,Anthony Davis,,returned to lineup
2022-10-30,Nuggets,,Bones Hyland,hip injury (DTD)
2022-10-30,Spurs,,Isaiah Roby,flu (DTD)
2022-10-31,Pacers,T.J. McConnell,,returned to lineup
2022-10-31,Rockets,,Jae'Sean Tate,right ankle injury (DTD)
2022-11-01,Bulls,,Coby White,bruised left quadriceps (DTD)
2022-11-02,76ers,,De'Anthony Melton,lower back injury (DTD)
2022-11-02,Cavaliers,Dylan Windler,,returned to lineup
2022-11-03,Magic,,Terrence Ross,bruised left knee (DTD)
2022-11-04,76ers,De'Anthony Melton,,returned to lineup
2022-11-05,Raptors,,Pascal Siakam,groin injury (DTD)
2022-11-05,Suns,,Cameron Johnson,right knee injury (DTD)
2022-11-06,Lakers,,Patrick Beverley,illness (DTD)
2022-11-06,Raptors,,Khem Birch,sore right knee (DTD)
2022-11-07,Hawks,,Trae Young,right shin injury (DTD)
2022-11-09,Blazers,,Jusuf Nurkic,sore right adductor (DTD)
2022-11-09,Hawks,Trae Young,,returned to lineup
2022-11-09,Magic,,Paolo Banchero,sprained left ankle (DTD)
2022-11-09,Nuggets,,Zeke Nnaji,sprained right ankle (DTD)
2022-11-09,Pacers,Aaron Nesmith,,returned to lineup
2022-11-09,Suns,,Chris Paul,sore right heel (DTD)
2022-11-09,Timberwolves,,Austin Rivers,illness (DTD)
2022-11-10,Wizards,,Taj Gibson,neck injury (DTD)
2022-11-11,Nuggets,Zeke Nnaji,,returned to lineup
2022-11-13,76ers,,Furkan Korkmaz,left knee injury (DTD)
2022-11-13,Nets,,Ben Simmons,sore left knee (DTD)
2022-11-13,Timberwolves,,Naz Reid,illness (DTD)
2022-11-13,Timberwolves,Austin Rivers,,returned to lineup
2022-11-14,Clippers,,John Wall (Hildred),left knee injury (DTD)
2022-11-14,Raptors,,Gary Trent Jr.,sore right hip (DTD)
2022-11-14,Spurs,,Malaki Branham,sprained left ankle (DTD)
2022-11-14,Suns,Ish Wainright,,returned to lineup
2022-11-15,Blazers,Jusuf Nurkic,,returned to lineup
2022-11-15,Clippers,John Wall (Hildred),,returned to lineup
2022-11-15,Heat,,Omer Yurtseven,"surgery on left ankle to repair bone spur, stress reaction (out indefinitely)"
2022-11-15,Nets,Ben Simmons,,returned to lineup
2022-11-16,Heat,,Bam Adebayo,bruised left knee (DTD)
2022-11-16,Magic,,Wendell Carter Jr.,right foot injury (DTD)
2022-11-16,Warriors,,Jonathan Kuminga,illness (DTD)
2022-11-17,Clippers,,Luke Kennard,strained right calf (DTD)
2022-11-18,76ers,,Tobias Harris,left hip injury (DTD)
2022-11-18,Heat,,Duncan Robinson,sprained right hand (DTD)
2022-11-18,Heat,,Gabe Vincent,left knee injury (DTD)
2022-11-20,Heat,Duncan Robinson,,returned to lineup
2022-11-20,Heat,Bam Adebayo,,returned to lineup
2022-11-20,Jazz,,Mike Conley Jr.,left knee injury (DTD)
2022-11-20,Lakers,,Juan Toscano-Anderson,back injury (DTD)
2022-11-20,Lakers,,Max Christie,NBA health and safety protocols (DTD)
2022-11-21,Heat,,Heat,surgery on finger (out indefinitely)
2022-11-21,Pacers,,Andrew Nembhard,bruised left knee (DTD)
2022-11-21,Timberwolves,,Kyle Anderson,back spasms (DTD)
2022-11-21,Warriors,,Andrew Wiggins,sore left foot (DTD)
2022-11-22,76ers,,Jaden Springer,right quadriceps injury (DTD)
2022-11-22,76ers,Tobias Harris,,returned to lineup
2022-11-23,76ers,,Matisse Thybulle,left ankle injury (DTD)
2022-11-23,Celtics,,J.D. Davison,sprained right ankle (DTD)
2022-11-23,Heat,Gabe Vincent,,returned to lineup
2022-11-23,Pacers,,Isaiah Jackson,sprained left ankle (DTD)
2022-11-23,Raptors,,Dalano Banton,sprained left ankle (DTD)
2022-11-23,Timberwolves,Kyle Anderson,,returned to lineup
2022-11-23,Warriors,Andrew Wiggins,,returned to lineup
2022-11-25,Pistons,,Jaden Ivey,sore right knee (DTD)
2022-11-27,Heat,,Gabe Vincent,left knee injury (DTD)
2022-11-27,Magic,,Jalen Suggs,sore right ankle (DTD)
2022-11-28,Hornets,,Terry Rozier,illness (DTD)
2022-11-28,Kings,,Chima Moneke,right thigh injury (DTD)
2022-11-28,Magic,,Mo Bamba,back spasms (DTD)
2022-11-28,Pacers,Andrew Nembhard,,returned to lineup
2022-11-29,Pistons,,Nerlens Noel,sore left knee (DTD)
2022-11-30,Heat,Gabe Vincent,,returned to lineup
2022-11-30,Nets,,Day'Ron Sharpe,illness (DTD)
2022-11-30,Spurs,,Jakob Poeltl,bone bruise in right knee (DTD)
2022-12-04,Kings,,Terence Davis,lower back injury (DTD)
2022-12-05,Grizzlies,,Ja Morant,sore left ankle (DTD)
2022-12-05,Grizzlies,,John Konchar,toe injury (DTD)
2022-12-05,Hawks,,Trent Forrest,concussion (DTD)
2022-12-05,Raptors,,Juan Hernangomez,sprained right ankle (DTD)
2022-12-07,Bucks,,Wes Matthews Jr.,NBA health and safety protocols (DTD)
2022-12-07,Clippers,,Marcus Morris,illness (DTD)
2022-12-07,Clippers,Luke Kennard,,returned to lineup
2022-12-07,Grizzlies,John Konchar,,returned to lineup
2022-12-07,Lakers,,Patrick Beverley,sore right knee (DTD)
2022-12-07,Pacers,,Jalen Smith,sore right knee (DTD)
2022-12-07,Wizards,,Bradley Beal,strained right hamstring (DTD)
2022-12-08,Rockets,,Bruno Fernando,illness (DTD)
2022-12-09,Lakers,Patrick Beverley,,returned to lineup
2022-12-09,Pacers,Jalen Smith,,returned to lineup
2022-12-09,Wizards,,Will Barton,foot injury (DTD)
2022-12-10,Pacers,,James Johnson,illness (DTD)
2022-12-11,Raptors,,O.G. Anunoby,sore left hip (DTD)
2022-12-11,76ers,,Danuel House Jr.,left foot injury
2022-12-12,Hawks,,Clint Capela,left Achilles injury (DTD)
2022-12-12,Hawks,,Trae Young,tightness in lower back (DTD)
2022-12-12,Mavericks,,Josh Green,sprained right elbow (DTD)
2022-12-12,Pacers,James Johnson,,returned to lineup
2022-12-14,Hawks,Clint Capela,,returned to lineup
2022-12-14,Kings,,Kevin Huerter,sore left ankle (DTD)
2022-12-14,Wizards,,Kristaps Porzingis,tightness in lower back (DTD)
2022-12-15,Bucks,,Serge Ibaka,illness (DTD)
2022-12-15,Clippers,,Luke Kennard,right calf injury (DTD)
2022-12-15,Heat,,Bam Adebayo,sprained left ankle (DTD)
2022-12-16,76ers,Danuel House Jr.,,returned to lineup
2022-12-16,Kings,Kevin Huerter,,returned to lineup
2022-12-17,Bucks,,Khris Middleton,sore right knee (DTD)
2022-12-17,Clippers,Luke Kennard,,returned to lineup
2022-12-17,Heat,,Udonis Haslem,right Achilles injury (DTD)
2022-12-17,Heat,Bam Adebayo,,returned to lineup
2022-12-17,Wizards,Kristaps Porzingis,,returned to lineup
2022-12-18,Lakers,,Patrick Beverley,right calf injury (DTD)
2022-12-18,Lakers,Patrick Beverley,,returned to lineup
2022-12-18,Raptors,,Gary Trent Jr.,sore left quadriceps (DTD)
2022-12-19,Cavaliers,,Lamar Stevens,sore right knee (DTD)
2022-12-19,Lakers,,Russell Westbrook,sore left foot (DTD)
2022-12-19,Mavericks,,Dwight Powell,bruised left thigh (DTD)
2022-12-19,Suns,,Devin Booker,groin injury (DTD)
2022-12-19,Thunder,,Darius Bazley,illness (DTD)
2022-12-19,Thunder,,Josh Giddey,illness (DTD)
2022-12-19,Thunder,,Ousmane Dieng,wrist injury (DTD)
2022-12-19,Timberwolves,,Kyle Anderson,back spasms (DTD)
2022-12-20,Heat,Udonis Haslem,,returned to lineup
2022-12-20,Wizards,,Kristaps Porzingis,illness (DTD)
2022-12-21,Knicks,,Quentin Grimes,sprained right ankle (DTD)
2022-12-21,Mavericks,,Dorian Finney-Smith,strained right adductor (DTD)
2022-12-21,Mavericks,Dwight Powell,,returned to lineup
2022-12-21,Nets,,Kyrie Irving,right calf injury (DTD)
2022-12-21,Warriors,,Klay Thompson,right Achilles tendon injury (DTD)
2022-12-23,Knicks,Quentin Grimes,,returned to lineup
2022-12-23,Nets,Kyrie Irving,,returned to lineup
2022-12-23,Raptors,Gary Trent Jr.,,returned to lineup
2022-12-25,Mavericks,,Frank Ntilikina,sore left knee (DTD)
2022-12-25,Warriors,Klay Thompson,,returned to lineup
2022-12-26,Hornets,,Nick Richards,sprained right ankle (DTD)
2022-12-27,Knicks,,Jalen Brunson,sore right hip (DTD)
2022-12-27,Mavericks,Frank Ntilikina,,returned to lineup
2022-12-29,Cavaliers,,Cedi Osman,sore lower back (DTD)
2022-12-31,Cavaliers,Cedi Osman,,returned to lineup
2023-01-01,Bucks,,George Hill,illness (DTD)
2023-01-02,Lakers,,Lonnie Walker IV,bruised tailbone (DTD)
2023-01-02,Mavericks,,JaVale McGee,illness (DTD)
2023-01-02,Nets,,Markieff Morris,illness (DTD)
2023-01-02,Nets,,Royce O'Neale,illness (DTD)
2023-01-02,Timberwolves,,D'Angelo Russell,illness (DTD)
2023-01-02,Timberwolves,,Naz Reid,back spasms (DTD)
2023-01-02,Warriors,,James Wiseman,sprained left ankle (DTD)
2023-01-04,Nets,Royce O'Neale,,returned to lineup
2023-01-05,Mavericks,JaVale McGee,,returned to lineup
2023-01-06,Timberwolves,Naz Reid,,returned to lineup
2023-01-08,Jazz,,Simone Fontecchio,illness (DTD)
2023-01-08,Pistons,,Jalen Duren,sore right ankle (DTD)
2023-01-08,Pistons,,Rodney McGruder,illness (DTD)
2023-01-09,Bulls,,Tony Bradley,NBA health and safety protocols (DTD)
2023-01-09,Wizards,,Johnny Davis (Christian),strained right hip (DTD)
2023-01-10,Heat,,Bam Adebayo,right wrist injury (DTD)
2023-01-10,Heat,,Tyler Herro,left Achilles injury (DTD)
2023-01-10,Jazz,,Leandro Bolmaro,illness (DTD)
2023-01-10,Jazz,Simone Fontecchio,,returned to lineup
2023-01-10,Pistons,,Isaiah Stewart,sore left shoulder (DTD)
2023-01-10,Pistons,Rodney McGruder,,returned to lineup
2023-01-10,Raptors,,Otto Porter Jr.,surgery on left foot (out for season)
2023-01-10,Suns,,Deandre Ayton,sprained left ankle (DTD)
2023-01-10,Suns,Deandre Ayton,,returned to lineup
2023-01-11,Bulls,,Javonte Green,arthroscopic debridement surgery on right knee (out indefinitely)
2023-01-11,Pacers,,Myles Turner,back spasms (DTD)
2023-01-11,Pacers,,Oshae Brissett,left hamstring injury (DTD)
2023-01-11,Spurs,,Devin Vassell,arthroscopic surgery on left knee (out indefinitely)
2023-01-11,Timberwolves,,Kyle Anderson,illness (DTD)
2023-01-12,Heat,Bam Adebayo,,returned to lineup
2023-01-13,Pacers,Oshae Brissett,,returned to lineup
2023-01-13,Timberwolves,Kyle Anderson,,returned to lineup
2023-01-15,Bulls,Tony Bradley,,returned to lineup
2023-01-15,Clippers,,John Wall (Hildred),sore abdominal (DTD)
2023-01-15,Mavericks,,Tim Hardaway Jr.,sprained left ankle (DTD)
2023-01-15,Nets,,Ben Simmons,sore back (DTD)
2023-01-17,Nets,Ben Simmons,,returned to lineup
2023-01-17,Raptors,,Dalano Banton,right hip pointer (DTD)
2023-01-18,Timberwolves,,Austin Rivers,bruised left knee (DTD)
2023-01-21,76ers,,Joel Embiid,left foot injury (DTD)
2023-01-22,Knicks,,Immanuel Quickley,sore left knee (DTD)
2023-01-22,Suns,,Deandre Ayton,illness (DTD)
2023-01-23,Hawks,,De'Andre Hunter,shortness of breath (DTD)
2023-01-23,Pistons,,Killian Hayes,left shoulder injury (DTD)
2023-01-23,Timberwolves,,Taurean Prince,sprained left ankle (DTD)
2023-01-24,Knicks,Immanuel Quickley,,returned to lineup
2023-01-25,76ers,Joel Embiid,,returned to lineup
2023-01-25,Blazers,,Josh Hart,tightness in right hamstring (DTD)
2023-01-25,Jazz,,Micah Potter,surgery on right elbow (out indefinitely)
2023-01-25,Nets,,Day'Ron Sharpe,sore lower back (DTD)
2023-01-25,Nuggets,,Jack White,strained left adductor (DTD)
2023-01-25,Pistons,Killian Hayes,,returned to lineup
2023-01-25,76ers,,Jaden Springer,illness (DTD)
2023-01-26,Suns,Deandre Ayton,,returned to lineup
2023-01-26,Thunder,,Luguentz Dort,strained right hamstring (DTD)
2023-01-28,Hawks,De'Andre Hunter,,returned to lineup
2023-01-30,Pistons,,Hamidou Diallo,illness (DTD)
2023-02-01,Timberwolves,,Bryn Forbes,sprained right ankle (DTD)
2023-02-01,Timberwolves,,Rudy Gobert,right groin injury (DTD)
2023-02-02,Heat,,Victor Oladipo,sprained right ankle (DTD)
2023-02-02,Knicks,,Jalen Brunson,illness (DTD)
2023-02-02,Knicks,,Ryan Arcidiacono,illness (DTD)
2023-02-02,Pistons,Hamidou Diallo,,returned to lineup
2023-02-03,Pacers,,Chris Duarte,sore left ankle (DTD)
2023-02-03,Timberwolves,Rudy Gobert,,returned to lineup
2023-02-04,Knicks,Jalen Brunson,,returned to lineup
2023-02-06,Jazz,,Jarred Vanderbilt,back spasms (DTD)
2023-02-06,Rockets,,Garrison Mathews,left big toe injury (DTD)
2023-02-06,Wizards,,Bradley Beal,sore left foot (DTD)
2023-02-08,Pacers,Chris Duarte,,returned to lineup
2023-02-08,Suns,,Devin Booker,left groin injury (DTD)
2023-02-08,Timberwolves,,Rudy Gobert,right groin injury (DTD)
2023-02-08,Warriors,,Ryan Rollins,surgery on right foot to repair Jones fracture in fifth metatarsal (out for season)
2023-02-08,Wizards,Bradley Beal,,returned to lineup
2023-02-10,Suns,Devin Booker,,returned to lineup
2023-02-10,Timberwolves,Rudy Gobert,,returned to lineup
2023-02-14,Heat,,Tyler Herro,bruised left knee (DTD)
2023-02-14,Magic,,Cole Anthony,sore right wrist (DTD)
2023-02-15,Bulls,,Goran Dragic,sore left knee (DTD)
2023-02-15,Cavaliers,,Ricky Rubio,illness (DTD)
2023-02-15,Hornets,,Terry Rozier,sprained right hand (DTD)
2023-02-17,Rockets,,Jalen Green,strained left groin (DTD)
2023-02-23,Hornets,Terry Rozier,,returned to lineup
2023-02-23,Spurs,,Jeremy Sochan,left quadriceps injury (DTD)
2023-02-25,Spurs,Jeremy Sochan,,returned to lineup
2023-02-27,Hornets,,LaMelo Ball,fractured right ankle (out indefinitely)
2023-02-28,Clippers,,Moussa Diabate,illness (DTD)
2023-02-28,Nets,,Yuta Watanabe,sore back (DTD)
2023-02-28,Pistons,,Isaiah Stewart,sore right hip (DTD)
2023-03-01,Nets,Yuta Watanabe,,returned to lineup
2023-03-02,Thunder,,Kenrich Williams,surgery on left wrist (out for season)
2023-03-03,Warriors,,Patrick Baldwin Jr.,sore right ankle (DTD)
2023-03-04,Timberwolves,,Austin Rivers,sore neck (DTD)
2023-03-05,Spurs,,Zach Collins,sore left ankle (DTD)
2023-03-06,76ers,,P.J. Tucker,back spasms (DTD)
2023-03-06,76ers,,Tobias Harris,left calf injury (DTD)
2023-03-06,Blazers,,Ibou Badji,arthroscopic surgery (patellar chondroplasty and debridement) on left knee (out indefinitely)
2023-03-06,Celtics,,Al Horford,lower back injury (DTD)
2023-03-06,Heat,Omer Yurtseven,,returned to lineup
2023-03-06,Pistons,,Killian Hayes,left hand injury (DTD)
2023-03-07,76ers,,James Harden,sore left foot (DTD)
2023-03-07,76ers,P.J. Tucker,,returned to lineup
2023-03-07,76ers,Tobias Harris,,returned to lineup
2023-03-07,Celtics,Al Horford,,returned to lineup
2023-03-07,Grizzlies,,Kennedy Chandler,illness (DTD)
2023-03-07,Timberwolves,Austin Rivers,,returned to lineup
2023-03-08,Raptors,,Will Barton,illness (DTD)
2023-03-08,Suns,,Kevin Durant,sprained left ankle (DTD)
2023-03-09,76ers,James Harden,,returned to lineup
2023-03-09,Pistons,Killian Hayes,,returned to lineup
2023-03-09,Spurs,Zach Collins,,returned to lineup
2023-03-10,Raptors,Will Barton,,returned to lineup
2023-03-11,Hornets,,Mark Williams,sprained right thumb (DTD)
2023-03-12,Hornets,,James Bouknight,sprained right ankle (DTD)
2023-03-12,Hornets,,Kelly Oubre Jr.,back injury (DTD)
2023-03-12,Pistons,,Marvin Bagley III,sore right ankle (DTD)
2023-03-13,Mavericks,,Christian Wood,sore right foot (DTD)
2023-03-13,Timberwolves,,Naz Reid,left calf injury (DTD)
2023-03-14,Hornets,Kelly Oubre Jr.,,returned to lineup
2023-03-14,Kings,,Richaun Holmes,illness (DTD)
2023-03-14,Pistons,,Isaiah Livers,right hip injury (DTD)
2023-03-14,Warriors,,Andre Iguodala,fractured left wrist (out for season)
2023-03-15,Mavericks,Christian Wood,,returned to lineup
2023-03-15,Spurs,,Devin Vassell,knee injury (DTD)
2023-03-15,Spurs,,Keita Bates-Diop,sore Achilles (DTD)
2023-03-15,Timberwolves,Naz Reid,,returned to lineup
2023-03-16,Bulls,,Lonzo Ball,surgery on left knee to transplant cartilage (out for season)
2023-03-16,Spurs,,Devonte' Graham,left quadriceps tendon injury (DTD)
2023-03-16,Spurs,Devin Vassell,,returned to lineup
2023-03-17,Spurs,Keita Bates-Diop,,returned to lineup
2023-03-18,Celtics,,Al Horford,lower back injury (DTD)
2023-03-18,Pacers,,Isaiah Jackson,sore right knee (DTD)
2023-03-19,Pistons,Marvin Bagley III,,returned to lineup
2023-03-20,Celtics,Al Horford,,returned to lineup
2023-03-20,Pacers,Isaiah Jackson,,returned to lineup
2023-03-20,Warriors,,Andre Iguodala,surgery on left wrist to repair fracture (out for season)
2023-03-21,Pistons,,Jalen Duren,cervical injury (DTD)
2023-03-21,Spurs,,Keldon Johnson,sore neck (DTD)
2023-03-22,Raptors,,Gary Trent Jr.,stiffness in right elbow (DTD)
2023-03-22,Raptors,,Precious Achiuwa,tightness in right hamstring (DTD)
2023-03-22,Raptors,,Scottie Barnes,sore left wrist (DTD)
2023-03-23,Knicks,,Jalen Brunson,sprained right hand (DTD)
2023-03-23,Pistons,,Rodney McGruder,sprained left foot (out for season)
2023-03-23,Pistons,Jalen Duren,,returned to lineup
2023-03-24,76ers,,Danuel House Jr.,sore right shoulder (DTD)
2023-03-24,Bulls,,Javonte Green,right knee injury (DTD)
2023-03-24,Celtics,,Malcolm Brogdon,sore lower back (DTD)
2023-03-24,Hornets,Mark Williams,,returned to lineup
2023-03-24,Lakers,,D'Angelo Russell,right hip injury (DTD)
2023-03-24,Pistons,,Cory Joseph,illness (DTD)
2023-03-24,Pistons,Isaiah Livers,,returned to lineup
2023-03-24,Spurs,,Devin Vassell,knee injury (DTD)
2023-03-24,Spurs,,Zach Collins,biceps injury (DTD)
2023-03-24,Spurs,Keldon Johnson,,returned to lineup
2023-03-25,Celtics,Malcolm Brogdon,,returned to lineup
2023-03-25,Spurs,Devin Vassell,,returned to lineup
2023-03-25,Spurs,Zach Collins,,returned to lineup
2023-03-26,Nets,,Royce O'Neale,sore left knee (DTD)
2023-03-26,Raptors,Precious Achiuwa,,returned to lineup
2023-03-26,Thunder,,Lindy Waters III,plantar fasciitis in foot (DTD)
2023-03-27,76ers,Danuel House Jr.,,returned to lineup
2023-03-27,Blazers,,Trendon Watford,sprained right ankle (DTD)
2023-03-27,Kings,,Neemias Queta,illness (DTD)
2023-03-27,Pistons,Cory Joseph,,returned to lineup
2023-03-28,Cavaliers,,Isaac Okoro,sore left knee (DTD)
2023-03-28,Cavaliers,,Jarrett Allen,strained right groin (DTD)
2023-03-28,Nets,Royce O'Neale,,returned to lineup
2023-03-29,Blazers,,Keon Johnson,fractured finger (out for season)
2023-03-29,Grizzlies,,John Konchar,left hip injury (DTD)
2023-03-29,Heat,,Kyle Lowry,sore right knee (DTD)
2023-03-29,Lakers,D'Angelo Russell,,returned to lineup
2023-03-29,Timberwolves,,Jaylen Nowell,left knee injury (DTD)
2023-03-30,Knicks,,DaQuan Jeffries,strained right calf (DTD)
2023-03-31,Blazers,,Ryan Arcidiacono,lumbar injury (DTD)
2023-03-31,Blazers,Trendon Watford,,returned to lineup
2023-04-01,Heat,Kyle Lowry,,returned to lineup
2023-04-02,Blazers,,Cam Reddish,back injury (out for season)
2023-04-02,Kings,,Malik Monk,lower leg injury (DTD)
2023-04-03,Pistons,,Marvin Bagley III,concussio protocols (DTD)
2023-04-04,Hornets,,Mark Williams,sprained right ankle (DTD)
2023-04-04,Kings,Malik Monk,,returned to lineup
2023-04-04,Spurs,,Zach Collins,lacerated finger (DTD)
2023-04-04,Thunder,,Aleksej Pokusevski,bruised left knee (DTD)
2023-04-05,Cavaliers,,Caris LeVert,sore right knee (DTD)
2023-04-05,Nets,,Dorian Finney-Smith,right wrist injury (DTD)
2023-04-05,Pistons,,Isaiah Livers,sprained right ankle (out for season)
2023-04-06,Blazers,,Shaedon Sharpe,left knee injury (DTD)
2023-04-06,Magic,,Franz Wagner,sprained left ankle (DTD)
2023-04-06,Spurs,,Devin Vassell,left knee injury (out for season)
2023-04-06,Spurs,Zach Collins,,returned to lineup
2023-04-06,Suns,,T.J. Warren,illness (DTD)
2023-04-07,Kings,,Malik Monk,lower leg injury (DTD)
2023-04-07,Lakers,,Dennis Schrder,neck spasms (DTD)
2023-04-07,Pistons,,Eugene Omoruyi,sprained left ankle (out for season)
2023-04-07,Pistons,Marvin Bagley III,,returned to lineup
2023-04-08,Blazers,,Drew Eubanks,sprained right ankle (out for season)
2023-04-08,Blazers,Shaedon Sharpe,,returned to lineup
2023-04-08,Jazz,,Collin Sexton,left hamstring injury (out for season)
2023-04-08,Spurs,,Keldon Johnson,sprained right foot (out for season)
2023-04-08,Spurs,,Zach Collins,lacerated finger (out for season)
2023-04-08,Suns,,Bismack Biyombo,bone bruise in right knee (DTD)
2023-04-08,Suns,,Cameron Payne,sore lower back (DTD)
2023-04-08,Wizards,,Daniel Gafford,ankle injury (out for season)
2023-04-08,Wizards,,Delon Wright,sore right knee (out for season)
2023-04-09,Grizzlies,,Tyus Jones,sore left foot (DTD)
2023-04-09,Kings,Malik Monk,,returned to lineup
2023-04-12,Pelicans,,Larry Nance Jr.,sore left ankle (out for season)
2023-04-15,Suns,Bismack Biyombo,,returned to lineup
2023-04-16,Grizzlies,Tyus Jones,,returned to lineup
2023-04-16,Heat,,Tyler Herro,fractured finger (out indefinitely)
2023-04-16,Lakers,Dennis Schrder,,returned to lineup
2023-04-20,76ers,,Danuel House Jr.,illness (DTD)
2023-04-23,Knicks,,Quentin Grimes,bruised right shoulder (DTD)
2023-04-27,Knicks,,Jericho Sims,surgery on right shoulder (out for season)
2023-04-28,Grizzlies,,Luke Kennard,sore left shoulder (out for season)
2023-04-30,Knicks,,Julius Randle,sprained left ankle (DTD)
2023-04-30,Knicks,Quentin Grimes,,returned to lineup
2023-05-02,Knicks,Julius Randle,,returned to lineup
2023-05-02,Suns,,Chris Paul,left groin injury (out for season)
2023-05-10,Knicks,,Evan Fournier,illness (out for season)
2023-05-11,Suns,,Deandre Ayton,bruised ribcage (out for season)
2023-08-02,76ers,,Montrezl Harrell,torn ACL in knee (out indefinitely)
2023-08-05,Nuggets,,Vlatko Cancar,torn ACL in left knee (out for season)
2023-08-17,Nuggets,,Vlatko Cancar,surgery on left knee to repair torn ACL (out for season)
2023-09-07,Pelicans,,Trey Murphy III,surgery on left knee to repair meniscus (out indefinitely)
2023-10-01,Wizards,,Landry Shamet,fractured big toe (out indefinitely)
2023-10-02,Grizzlies,,Brandon Clarke,recovering from torn left Achilles tendon (out indefinitely)
2023-10-02,Pistons,,Isaiah Livers,sprained left ankle (out indefinitely)
2023-10-02,Raptors,,Christian Koloko,respiratory ailment (out indefinitely)
2023-10-08,Celtics,,Jay Scrubb,torn ACL in knee (out for season)
2023-10-10,Hornets,,James Bouknight,surgery on left knee (out indefinitely)
2023-10-12,Wizards,,Anthony Gill,left hamstring injury (out indefinitely)
2023-10-23,Lakers,,Jarred Vanderbilt,sore left heel (DTD)
2023-10-24,Lakers,,Jalen Hood-Schifino,bruised right knee (DTD)
2023-10-24,Magic,,Kevon Harris,sore knee (DTD)
2023-10-24,Nuggets,,Jay Huff,fractured right rib (out indefinitely)
2023-10-24,Rockets,,Victor Oladipo,patellar injury in knee (DTD)
2023-10-24,Suns,,Saben Lee,surgery on right knee (out indefinitely)
2023-10-25,Clippers,,B.J. Boston Jr.,quadriceps injury (DTD)
2023-10-25,Hornets,,Bryce McGowens,ankle injury (DTD)
2023-10-25,Kings,,Jalen Slawson,illness (DTD)
2023-10-25,Mavericks,,Dwight Powell,illness (DTD)
2023-10-25,Mavericks,,Jaden Hardy,sprained left ankle (DTD)
2023-10-25,Nets,,Dariq Whitehead,right foot injury (out indefinitely)
2023-10-27,Heat,,Caleb Martin,left knee tendinosis (DTD)
2023-10-27,Hornets,Bryce McGowens,,returned to lineup
2023-10-27,Kings,Jalen Slawson,,returned to lineup
2023-10-27,Mavericks,Dwight Powell,,returned to lineup
2023-10-27,Mavericks,Jaden Hardy,,returned to lineup
2023-10-27,Nets,,Cameron Johnson,bruised left calf (DTD)
2023-10-27,Rockets,,Nate Hinton,sprained right ankle (DTD)
2023-10-28,Wizards,Anthony Gill,,returned to lineup
2023-10-29,Rockets,Nate Hinton,,returned to lineup
2023-10-30,Bucks,,MarJon Beauchamp,illness (DTD)
2023-10-30,Celtics,,Neemias Queta,sore right foot (DTD)
2023-10-30,Pelicans,,Brandon Ingram,sore knee (DTD)
2023-10-31,Magic,Kevon Harris,,returned to lineup
2023-10-31,Nuggets,Jay Huff,,returned to lineup
2023-11-01,Knicks,,R.J. Barrett,knee injury (DTD)
2023-11-01,Lakers,,Taurean Prince,sore left knee (DTD)
2023-11-02,Magic,,Markelle Fultz,left knee injury (DTD)
2023-11-03,Mavericks,,Markieff Morris,illness (DTD)
2023-11-03,Nets,Dariq Whitehead,,returned to lineup
2023-11-05,Grizzlies,,Xavier Tillman,sore left knee (DTD)
2023-11-05,Mavericks,Markieff Morris,,returned to lineup
2023-11-05,Pistons,,Jaden Ivey,illness (DTD)
2023-11-06,Pistons,,Jalen Duren,ankle injury (DTD)
2023-11-06,Pistons,,Joe Harris,sprained right shoulder (DTD)
2023-11-08,Lakers,,Anthony Davis,left adductor injury (DTD)
2023-11-08,Mavericks,,Dereck Lively II,illness (DTD)
2023-11-08,Pistons,Jalen Duren,,returned to lineup
2023-11-09,Hawks,,Mouhamed Gueye,strained lower back (DTD)
2023-11-09,Pacers,,Jalen Smith,sore lower back (DTD)
2023-11-10,Lakers,Anthony Davis,,returned to lineup
2023-11-10,Mavericks,Dereck Lively II,,returned to lineup
2023-11-10,Nets,Cameron Johnson,,returned to lineup
2023-11-11,Magic,,Markelle Fultz,left knee tendinitis (DTD)
2023-11-11,Pistons,,Jalen Duren,sore right ankle (DTD)
2023-11-12,Pacers,Jalen Smith,,returned to lineup
2023-11-12,Pistons,Jaden Ivey,,returned to lineup
2023-11-13,Knicks,,R.J. Barrett,migraine headache (DTD)
2023-11-14,Spurs,,Sandro Mamukelashvili,tightness in mid-back (DTD)
2023-11-15,Celtics,Neemias Queta,,returned to lineup
2023-11-17,Blazers,,Ish Wainright,sprained MCL in left knee (DTD)
2023-11-17,Lakers,Jalen Hood-Schifino,,returned to lineup
2023-11-17,Magic,,Jalen Suggs,sore left knee (DTD)
2023-11-17,Spurs,Sandro Mamukelashvili,,returned to lineup
2023-11-18,Grizzlies,,Jake LaRavia,left eye injury (DTD)
2023-11-18,Knicks,R.J. Barrett,,returned to lineup
2023-11-19,Cavaliers,,Caris LeVert,sore left knee (DTD)
2023-11-19,Magic,Jalen Suggs,,returned to lineup
2023-11-19,Nets,,Dennis Smith Jr.,sore lower back (DTD)
2023-11-19,Pistons,,Killian Hayes,sprained left shoulder (DTD)
2023-11-19,Raptors,,Javon Freeman-Liberty,sprained left ankle (DTD)
2023-11-20,Kings,,Sasha Vezenkov,left thumb injury (DTD)
2023-11-20,Pistons,Killian Hayes,,returned to lineup
2023-11-21,Kings,Sasha Vezenkov,,returned to lineup
2023-11-21,Raptors,Javon Freeman-Liberty,,returned to lineup
2023-11-22,Blazers,,Deandre Ayton,sore back (DTD)
2023-11-22,Cavaliers,Caris LeVert,,returned to lineup
2023-11-22,Heat,,Bam Adebayo,bruised hip (DTD)
2023-11-23,Pistons,Jalen Duren,,returned to lineup
2023-11-24,Bulls,Zach LaVine,,returned to lineup
2023-11-24,Heat,Bam Adebayo,,returned to lineup
2023-11-25,Heat,,Jimmy Butler,sprained right ankle (DTD)
2023-11-26,Blazers,Deandre Ayton,,returned to lineup
2023-11-26,Hornets,P.J. Washington,,returned to lineup
2023-11-26,Knicks,,Duane Washington Jr.,right thumb injury (DTD)
2023-11-26,Magic,,Jonathan Isaac,sore left ankle (DTD)
2023-11-26,Nets,,Nic Claxton,sprained left ankle (DTD)
2023-11-28,Heat,,Haywood Highsmith,back injury (DTD)
2023-11-28,Nets,Nic Claxton,,returned to lineup
2023-11-28,Warriors,,Usman Garuba,dislocated right finger (DTD)
2023-11-29,76ers,,Joel Embiid,illness (DTD)
2023-11-30,Heat,Haywood Highsmith,,returned to lineup
2023-11-30,Heat,Jimmy Butler,,returned to lineup
2023-11-30,Hornets,,Brandon Miller,sprained left ankle (DTD)
2023-11-30,Lakers,,Cam Reddish,right groin injury (DTD)
2023-11-30,Nets,,Royce O'Neale,bruised left hip (DTD)
2023-11-30,Spurs,,Doug McDermott,illness (DTD)
2023-12-01,76ers,,Nicolas Batum,right finger injury (DTD)
2023-12-01,76ers,,Tyrese Maxey,illness (DTD)
2023-12-01,Cavaliers,,Caris LeVert,left knee injury (DTD)
2023-12-01,Magic,Jonathan Isaac,,returned to lineup
2023-12-01,Nets,,Lonnie Walker IV,strained left hamstring (DTD)
2023-12-01,Nets,Royce O'Neale,,returned to lineup
2023-12-01,Pelicans,,Jose Alvarado,sprained right ankle (DTD)
2023-12-02,Hornets,Brandon Miller,,returned to lineup
2023-12-02,Lakers,Cam Reddish,,returned to lineup
2023-12-02,Nets,,Dorian Finney-Smith,sore right knee (DTD)
2023-12-02,Pelicans,Jose Alvarado,,returned to lineup
2023-12-04,76ers,Tyrese Maxey,,returned to lineup
2023-12-04,Blazers,,Jerami Grant,concussion protocols (DTD)
2023-12-05,76ers,Nicolas Batum,,returned to lineup
2023-12-05,Heat,,Haywood Highsmith,bruised lower back (DTD)
2023-12-05,Nets,Dorian Finney-Smith,,returned to lineup
2023-12-08,Hornets,,Nick Smith Jr.,sprained right ankle (DTD)
2023-12-08,Nets,,Dennis Smith Jr.,bruised back (DTD)
2023-12-08,Warriors,,Chris Paul,illness (DTD)
2023-12-10,Knicks,,Mitchell Robinson,left ankle inflammation (DTD)
2023-12-11,Bulls,,Alex Caruso,sprained left ankle (DTD)
2023-12-11,Clippers,B.J. Boston Jr.,,returned to lineup
2023-12-11,Jazz,,Walker Kessler,sore right foot (DTD)
2023-12-11,Knicks,,Immanuel Quickley,right knee inflammation (DTD)
2023-12-11,Pistons,,Marvin Bagley III,lower back spasms (DTD)
2023-12-11,Warriors,Chris Paul,,returned to lineup
2023-12-12,Clippers,,B.J. Boston Jr.,illness (DTD)
2023-12-12,Lakers,,Jarred Vanderbilt,lower back spasms (DTD)
2023-12-13,Jazz,Walker Kessler,,returned to lineup
2023-12-13,Knicks,Immanuel Quickley,,returned to lineup
2023-12-13,Lakers,,LeBron James,bruised left calf (DTD)
2023-12-13,Lakers,Jarred Vanderbilt,,returned to lineup
2023-12-14,Bulls,Alex Caruso,,returned to lineup
2023-12-14,Celtics,,Luke Kornet,left adductor injury (DTD)
2023-12-14,Clippers,B.J. Boston Jr.,,returned to lineup
2023-12-14,Warriors,Usman Garuba,,returned to lineup
2023-12-15,Cavaliers,,Evan Mobley,surgery on left knee (out indefinitely)
2023-12-15,Celtics,,Kristaps Porzingis,left calf injury (DTD)
2023-12-15,Lakers,,Anthony Davis,left adductor injury (DTD)
2023-12-15,Lakers,,Cam Reddish,sore right knee (DTD)
2023-12-15,Lakers,,D'Angelo Russell,migraine headache (DTD)
2023-12-15,Lakers,LeBron James,,returned to lineup
2023-12-15,Spurs,,Tre Jones,illness (DTD)
2023-12-16,Bulls,,Alex Caruso,sprained left ankle (DTD)
2023-12-16,Celtics,Kristaps Porzingis,,returned to lineup
2023-12-16,Hawks,,Bogdan Bogdanovic,sprained right ankle (DTD)
2023-12-16,Nets,,Dorian Finney-Smith,sore left knee (DTD)
2023-12-16,Pistons,,Isaiah Stewart,sprained left shoulder (DTD)
2023-12-16,Pistons,Marvin Bagley III,,returned to lineup
2023-12-17,Lakers,Cam Reddish,,returned to lineup
2023-12-17,Magic,,Joe Ingles,sprained left ankle (DTD)
2023-12-17,Spurs,Tre Jones,,returned to lineup
2023-12-18,Bulls,,Torrey Craig,heel injury (out indefinitely)
2023-12-18,Bulls,Alex Caruso,,returned to lineup
2023-12-18,Grizzlies,,Bismack Biyombo,sore back (DTD)
2023-12-18,Lakers,Anthony Davis,,returned to lineup
2023-12-18,Lakers,D'Angelo Russell,,returned to lineup
2023-12-18,Nets,Dorian Finney-Smith,,returned to lineup
2023-12-18,Pacers,,Myles Turner,hamstring injury (DTD)
2023-12-18,Pistons,,Killian Hayes,illness (DTD)
2023-12-19,Bulls,,Henri Drell,sprained right thumb (DTD)
2023-12-19,Grizzlies,Bismack Biyombo,,returned to lineup
2023-12-20,Hawks,Bogdan Bogdanovic,,returned to lineup
2023-12-20,Pacers,Myles Turner,,returned to lineup
2023-12-21,Pelicans,,Cody Zeller,sprained right ankle (DTD)
2023-12-21,Pelicans,,Zion Williamson,illness (DTD)
2023-12-21,Pistons,Isaiah Stewart,,returned to lineup
2023-12-22,76ers,,De'Anthony Melton,bruised left thigh (DTD)
2023-12-22,76ers,,Patrick Beverley,sore right heel (DTD)
2023-12-23,Cavaliers,,Caris LeVert,left knee tendinitis (DTD)
2023-12-23,Cavaliers,,Sam Merrill,sore right wrist (DTD)
2023-12-23,Hornets,,Terry Rozier,sore right knee (DTD)
2023-12-23,Pacers,,Bruce Brown,bruised right knee (DTD)
2023-12-23,Pelicans,Zion Williamson,,returned to lineup
2023-12-23,Spurs,,Victor Wembanyama,sprained right ankle (DTD)
2023-12-24,76ers,De'Anthony Melton,,returned to lineup
2023-12-25,76ers,Patrick Beverley,,returned to lineup
2023-12-25,Hornets,Terry Rozier,,returned to lineup
2023-12-25,Lakers,,Gabe Vincent,surgery on left knee (out indefinitely)
2023-12-26,Grizzlies,,John Konchar,illness (DTD)
2023-12-26,Spurs,Victor Wembanyama,,returned to lineup
2023-12-27,Cavaliers,Caris LeVert,,returned to lineup
2023-12-27,Spurs,,Devonte' Graham,illness (DTD)
2023-12-28,Blazers,,Anfernee Simons,illness (DTD)
2023-12-28,Blazers,,Duop Reath,sore lower back (DTD)
2023-12-28,Grizzlies,,Ja Morant,illness (DTD)
2023-12-28,Grizzlies,,Santi Aldama,illness (DTD)
2023-12-28,Grizzlies,John Konchar,,returned to lineup
2023-12-28,Pistons,Killian Hayes,,returned to lineup
2023-12-29,Cavaliers,Sam Merrill,,returned to lineup
2023-12-29,Celtics,,Jayson Tatum,sprained left ankle (DTD)
2023-12-29,Grizzlies,,John Konchar,illness (DTD)
2023-12-29,Grizzlies,Ja Morant,,returned to lineup
2023-12-29,Grizzlies,Santi Aldama,,returned to lineup
2023-12-29,Magic,,Wendell Carter Jr.,right knee tendinitis (DTD)
2023-12-30,Bulls,Henri Drell,,returned to lineup
2023-12-30,Celtics,Jayson Tatum,,returned to lineup
2023-12-30,Mavericks,,Seth Curry,illness (DTD)
2023-12-31,Grizzlies,John Konchar,,returned to lineup
2023-12-31,Lakers,,Cam Reddish,left groin injury (DTD)
2023-12-31,Lakers,,D'Angelo Russell,bruised tailbone (DTD)
2023-12-31,Magic,Wendell Carter Jr.,,returned to lineup
2024-01-01,Blazers,,Toumani Camara,sore right knee (DTD)
2024-01-01,Mavericks,Seth Curry,,returned to lineup
2024-01-02,Hornets,,Brandon Miller,bruised left hip (DTD)
2024-01-02,Lakers,,Rui Hachimura,strained left calf (DTD)
2024-01-03,Blazers,Toumani Camara,,returned to lineup
2024-01-03,Grizzlies,,Derrick Rose,strained left hamstring (DTD)
2024-01-03,Lakers,Cam Reddish,,returned to lineup
2024-01-03,Nets,,Dennis Smith Jr.,sore lower back (DTD)
2024-01-03,Pacers,,Andrew Nembhard,back injury (DTD)
2024-01-03,Pelicans,,Jeremiah Robinson-Earl,illness (DTD)
2024-01-04,Hornets,Brandon Miller,,returned to lineup
2024-01-04,Spurs,,Malaki Branham,sprained right ankle (DTD)
2024-01-04,Hawks,,Vit Krejci,left shoulder sublaxation (DTD)
2024-01-05,Bulls,,Alex Caruso,cervical injury (DTD)
2024-01-05,Magic,,Goga Bitadze,illness (DTD)
2024-01-05,Magic,,Wendell Carter Jr.,right knee tendinitis (DTD)
2024-01-05,Nets,Dennis Smith Jr.,,returned to lineup
2024-01-05,Pelicans,Jeremiah Robinson-Earl,,returned to lineup
2024-01-05,Raptors,,Gary Trent Jr.,bruised left quadriceps (DTD)
2024-01-06,76ers,,Joel Embiid,left knee injury (DTD)
2024-01-07,Magic,Goga Bitadze,,returned to lineup
2024-01-07,Raptors,Gary Trent Jr.,,returned to lineup
2024-01-07,Spurs,Malaki Branham,,returned to lineup
2024-01-08,Blazers,,Moses Brown,surgery on left wrist to repair non-displaced fracture (out indefinitely) (date approximate)
2024-01-08,Bulls,Alex Caruso,,returned to lineup
2024-01-08,Grizzlies,,Ja Morant,surgery on right shoulder to repair labrum (out for season)
2024-01-09,Grizzlies,,Santi Aldama,bruised left knee (DTD)
2024-01-09,Nets,,Day'Ron Sharpe,hyperextended left knee (DTD)
2024-01-09,Magic,,Wendell Carter Jr.,right knee tendinitis (DTD)
2024-01-10,Pacers,,Jalen Smith,sore lower back (DTD)
2024-01-10,Raptors,,Pascal Siakam,back spasms (DTD)
2024-01-11,Lakers,,Christian Wood,migraine headache (DTD)
2024-01-12,76ers,,Kelly Oubre Jr.,right big toe injury (DTD)
2024-01-12,Pacers,Jalen Smith,,returned to lineup
2024-01-12,Raptors,Pascal Siakam,,returned to lineup
2024-01-13,Bulls,,Patrick Williams,sprained right ankle (DTD)
2024-01-13,Grizzlies,,Desmond Bane,sprained left ankle (out indefinitely)
2024-01-13,Grizzlies,,Jaren Jackson Jr.,bruised right knee (DTD)
2024-01-13,Knicks,,Jalen Brunson,bruised left calf (DTD)
2024-01-13,Lakers,Christian Wood,,returned to lineup
2024-01-13,Pelicans,,Trey Murphy III,left knee tendinitis (DTD)
2024-01-14,76ers,Kelly Oubre Jr.,,returned to lineup
2024-01-14,Blazers,,Jerami Grant,illness (DTD)
2024-01-14,Blazers,,Malcolm Brogdon,groin injury (DTD)
2024-01-14,Blazers,,Matisse Thybulle,illness (DTD)
2024-01-14,Clippers,,Ivica Zubac,right calf injury (DTD)
2024-01-14,Grizzlies,,Jake LaRavia,sprained left ankle (DTD)
2024-01-14,Heat,,Kevin Love,bruised left knee (DTD)
2024-01-14,Hornets,,Brandon Miller,bruised lower back (DTD)
2024-01-15,Grizzlies,Jaren Jackson Jr.,,returned to lineup
2024-01-15,Grizzlies,Santi Aldama,,returned to lineup
2024-01-15,Magic,Wendell Carter Jr.,,returned to lineup
2024-01-15,Pacers,,Bruce Brown,bruised right knee (DTD)
2024-01-15,Pelicans,Trey Murphy III,,returned to lineup
2024-01-15,Raptors,,Gradey Dick,sprained right thumb (DTD)
2024-01-15,Nets,,Dariq Whitehead,right foot injury (DTD)
2024-01-16,76ers,,Danuel House Jr.,lumbar spine injury (DTD)
2024-01-16,Blazers,Jerami Grant,,returned to lineup
2024-01-16,Blazers,Matisse Thybulle,,returned to lineup
2024-01-16,Suns,,Yuta Watanabe,illness (DTD)
2024-01-17,Blazers,Malcolm Brogdon,,returned to lineup
2024-01-17,Knicks,Jalen Brunson,,returned to lineup
2024-01-17,Raptors,Gradey Dick,,returned to lineup
2024-01-17,Raptors,Christian Koloko,,returned to lineup
2024-01-18,76ers,Danuel House Jr.,,returned to lineup
2024-01-18,Bulls,Patrick Williams,,returned to lineup
2024-01-18,Suns,Yuta Watanabe,,returned to lineup
2024-01-19,Pistons,,Isaiah Stewart,sprained left ankle (DTD)
2024-01-20,Cavaliers,,Caris LeVert,sprained right wrist (DTD)
2024-01-20,Grizzlies,,Xavier Tillman,sore left knee (DTD)
2024-01-22,Grizzlies,Xavier Tillman,,returned to lineup
2024-01-22,Pistons,Isaiah Stewart,,returned to lineup
2024-01-23,Pacers,,Jalen Smith,sore lower back (DTD)
2024-01-24,Cavaliers,Caris LeVert,,returned to lineup
2024-01-24,Grizzlies,,Santi Aldama,sore right knee (DTD)
2024-01-24,Lakers,,Cam Reddish,sprained right ankle (DTD)
2024-01-24,Rockets,,Jabari Smith Jr.,sprained left ankle (DTD)
2024-01-25,76ers,,Tobias Harris,illness (DTD)
2024-01-25,Cavaliers,,Ty Jerome,surgery on right ankle (out for season)
2024-01-25,Pacers,Jalen Smith,,returned to lineup
2024-01-26,Grizzlies,Santi Aldama,,returned to lineup
2024-01-26,Pelicans,,Zion Williamson,bruised left foot (DTD)
2024-01-27,76ers,,Joel Embiid,sore left knee (DTD)
2024-01-27,Bulls,,Patrick Williams,sore left foot (DTD)
2024-01-27,Hornets,,Frank Ntilikina,left hip injury (DTD)
2024-01-27,Pelicans,Zion Williamson,,returned to lineup
2024-01-28,Hawks,,Dejounte Murray,tightness in right hamstring (DTD)
2024-01-28,Pistons,,Cade Cunningham,left knee injury (DTD)
2024-01-29,Grizzlies,,Vince Williams Jr.,sore left knee (DTD)
2024-01-29,Grizzlies,,Ziaire Williams,sore left hand (DTD)
2024-01-29,Hornets,Frank Ntilikina,,returned to lineup
2024-01-29,Knicks,,O.G. Anunoby,right elbow inflammation (DTD)
2024-01-30,76ers,,Marcus Morris,plantar fasciitis in left foot (DTD)
2024-01-30,Hawks,Dejounte Murray,,returned to lineup
2024-01-30,Warriors,,Klay Thompson,illness (DTD)
2024-01-31,Grizzlies,Vince Williams Jr.,,returned to lineup
2024-01-31,Pistons,Cade Cunningham,,returned to lineup
2024-01-31,Wizards,,Jordan Poole,illness (DTD)
2024-02-01,Warriors,Klay Thompson,,returned to lineup
2024-02-02,Blazers,,Jerami Grant,tightness in lower back (DTD)
2024-02-02,Lakers,,Jarred Vanderbilt,foot injury (out indefinitely)
2024-02-02,Pacers,,Jalen Smith,lower back spasms (DTD)
2024-02-02,Wizards,Jordan Poole,,returned to lineup
2024-02-03,76ers,,Tobias Harris,illness (DTD)
2024-02-03,Nets,,Dennis Smith Jr.,sore right foot (DTD)
2024-02-04,Grizzlies,,Derrick Rose,left hamstring injury (DTD)
2024-02-04,Grizzlies,,John Konchar,bruised right calf (DTD)
2024-02-04,Grizzlies,,Santi Aldama,bruised tailbone (DTD)
2024-02-04,Grizzlies,,Vince Williams Jr.,sore left wrist (DTD)
2024-02-04,Heat,,Tyler Herro,headache (DTD)
2024-02-04,Hornets,,Frank Ntilikina,right hip impingement (DTD)
2024-02-04,Pacers,Jalen Smith,,returned to lineup
2024-02-05,76ers,Tobias Harris,,returned to lineup
2024-02-05,Hawks,Vit Krejci,,returned to lineup
2024-02-05,Nets,Dennis Smith Jr.,,returned to lineup
2024-02-06,Grizzlies,Derrick Rose,,returned to lineup
2024-02-06,Grizzlies,John Konchar,,returned to lineup
2024-02-06,Grizzlies,Santi Aldama,,returned to lineup
2024-02-06,Grizzlies,Vince Williams Jr.,,returned to lineup
2024-02-06,Heat,Tyler Herro,,returned to lineup
2024-02-07,76ers,,Danuel House Jr.,sore right foot (DTD)
2024-02-07,76ers,,Marcus Morris,plantar fasciitis in foot (DTD)
2024-02-07,Hawks,,Dejounte Murray,tightness in lower back (DTD)
2024-02-07,Pistons,,Bojan Bogdanovic,sore left calf (DTD)
2024-02-07,Pistons,,Cade Cunningham,left knee injury (DTD)
2024-02-08,Blazers,,Duop Reath,right knee tendinitis (DTD)
2024-02-08,Blazers,,Scoot Henderson,sprained left foot (DTD)
2024-02-08,Blazers,Jerami Grant,,returned to lineup
2024-02-08,Grizzlies,,Derrick Rose,sore right ankle (DTD)
2024-02-08,Grizzlies,,Luke Kennard,illness (DTD)
2024-02-08,Knicks,,Duane Washington Jr.,right thumb injury (DTD)
2024-02-08,Knicks,,Jalen Brunson,sprained right ankle (DTD)
2024-02-08,Knicks,,O.G. Anunoby,surgery on right elbow (out indefinitely)
2024-02-08,Lakers,,D'Angelo Russell,sore left knee (DTD)
2024-02-08,Pistons,Cade Cunningham,,returned to lineup
2024-02-09,Grizzlies,Luke Kennard,,returned to lineup
2024-02-09,Hawks,,Wes Matthews Jr.,illness (DTD)
2024-02-09,Lakers,,Max Christie,sprained right ankle (DTD)
2024-02-09,Lakers,D'Angelo Russell,,returned to lineup
2024-02-09,Nuggets,,Michael Porter Jr.,right knee injury (DTD)
2024-02-10,Grizzlies,Derrick Rose,,returned to lineup
2024-02-10,Hawks,,De'Andre Hunter,right knee injury (DTD)
2024-02-10,Hawks,Dejounte Murray,,returned to lineup
2024-02-10,Knicks,Jalen Brunson,,returned to lineup
2024-02-10,Pelicans,,Cody Zeller,bruised/sore left knee (DTD)
2024-02-12,Bulls,,Alex Caruso,toe injury (DTD)
2024-02-12,Grizzlies,,Derrick Rose,sore right ankle (DTD)
2024-02-12,Hawks,De'Andre Hunter,,returned to lineup
2024-02-12,Knicks,Duane Washington Jr.,,returned to lineup
2024-02-12,Nuggets,Michael Porter Jr.,,returned to lineup
2024-02-12,Timberwolves,,Wendell Moore Jr.,sore left knee (DTD)
2024-02-13,Blazers,Scoot Henderson,,returned to lineup
2024-02-13,Hawks,,Onyeka Okongwu,sprained toe (out indefinitely)
2024-02-13,Kings,,Trey Lyles,illness (DTD)
2024-02-14,Bulls,Alex Caruso,,returned to lineup
2024-02-14,Cavaliers,,Sam Merrill,illness (DTD)
2024-02-14,Grizzlies,Derrick Rose,,returned to lineup
2024-02-14,Kings,Trey Lyles,,returned to lineup
2024-02-14,Knicks,,Bojan Bogdanovic,sore left calf (DTD)
2024-02-14,Knicks,,Donte DiVincenzo,right hamstring injury (DTD)
2024-02-14,Pacers,,Bennedict Mathurin,bruised right knee (DTD)
2024-02-15,Blazers,,Shaedon Sharpe,abdominal surgery (out indefinitely)
2024-02-15,Grizzlies,,Derrick Rose,sore right ankle (DTD)
2024-02-15,Grizzlies,,Luke Kennard,sore left knee (DTD)
2024-02-15,Pelicans,,Dyson Daniels,surgery on left knee (out indefinitely)
2024-02-20,Knicks,Bojan Bogdanovic,,returned to lineup
2024-02-20,Knicks,Donte DiVincenzo,,returned to lineup
2024-02-21,Cavaliers,Sam Merrill,,returned to lineup
2024-02-22,Bulls,,Torrey Craig,sprained right knee (DTD)
2024-02-22,Grizzlies,Luke Kennard,,returned to lineup
2024-02-22,Nuggets,,Braxton Key,illness (DTD)
2024-02-22,Pacers,Bennedict Mathurin,,returned to lineup
2024-02-23,Bulls,,Patrick Williams,surgery on left foot (out for season)
2024-02-23,Clippers,,Norman Powell,sprained right ankle (DTD)
2024-02-23,Grizzlies,Derrick Rose,,returned to lineup
2024-02-23,Hornets,,Davis Bertans,hyperextended left knee (DTD)
2024-02-23,Nuggets,Braxton Key,,returned to lineup
2024-02-23,Wizards,,Deni Avdija,bruised left heel (DTD)
2024-02-25,Clippers,Norman Powell,,returned to lineup
2024-02-25,Grizzlies,,John Konchar,sprained left thumb (DTD)
2024-02-25,Hornets,,Seth Curry,sore right hip (DTD)
2024-02-25,Wizards,,Corey Kispert,illness (DTD)
2024-02-27,Hornets,Davis Bertans,,returned to lineup
2024-02-27,Hornets,Seth Curry,,returned to lineup
2024-02-27,Knicks,,Isaiah Hartenstein,left Achilles injury (DTD)
2024-02-27,Knicks,,Jalen Brunson,neck spasms (DTD)
2024-02-27,Wizards,Corey Kispert,,returned to lineup
2024-02-28,Knicks,Isaiah Hartenstein,,returned to lineup
2024-02-29,Knicks,Jalen Brunson,,returned to lineup
2024-02-29,Nets,,Ben Simmons,sore leg (DTD)
2024-03-01,76ers,,Kelly Oubre Jr.,sore right shoulder (DTD)
2024-03-01,Cavaliers,,Caris LeVert,sprained right elbow (DTD)
2024-03-01,Hornets,,Brandon Miller,bruised lower back (DTD)
2024-03-02,Grizzlies,John Konchar,,returned to lineup
2024-03-03,76ers,,Cameron Payne,illness (DTD)
2024-03-03,76ers,Kelly Oubre Jr.,,returned to lineup
2024-03-03,Hornets,,Nick Richards,plantar fasciitis in right foot (DTD)
2024-03-03,Hornets,Brandon Miller,,returned to lineup
2024-03-03,Pistons,,Quentin Grimes,sore right knee (DTD)
2024-03-03,Suns,,Josh Okogie,strained abdominal / right hip injury (DTD)
2024-03-04,Blazers,,Toumani Camara,illness (DTD)
2024-03-04,Grizzlies,,Yuta Watanabe,sprained right wrist (out for season)
2024-03-04,Rockets,,Tari Eason,surgery on left leg to remove benign growth (out for season)
2024-03-05,76ers,Cameron Payne,,returned to lineup
2024-03-05,Grizzlies,,Ziaire Williams,strained hip flexor (out for season)
2024-03-05,Hawks,,Kobe Bufkin,toe injury (DTD)
2024-03-05,Heat,,Josh Richardson,surgery on right shoulder (out for season)
2024-03-05,Hornets,Nick Richards,,returned to lineup
2024-03-05,Knicks,,Jalen Brunson,bruised left knee (DTD)
2024-03-06,Magic,,Gary Harris,right calf injury (DTD)
2024-03-06,Magic,,Wendell Carter Jr.,sore right knee (DTD)
2024-03-06,Timberwolves,,Karl-Anthony Towns,sore left knee (DTD)
2024-03-08,76ers,,Nicolas Batum,sore left foot (DTD)
2024-03-08,Blazers,Toumani Camara,,returned to lineup
2024-03-08,Grizzlies,,G.G. Jackson,sore left knee (DTD)
2024-03-08,Grizzlies,,Luke Kennard,sore left knee (DTD)
2024-03-08,Hornets,,Tre Mann,strained left groin (DTD)
2024-03-08,Knicks,Jalen Brunson,,returned to lineup
2024-03-08,Magic,Wendell Carter Jr.,,returned to lineup
2024-03-09,76ers,Nicolas Batum,,returned to lineup
2024-03-09,Pacers,,Bennedict Mathurin,surgery on right shoulder to repair labrum (out for season)
2024-03-09,Raptors,,R.J. Barrett,illness (DTD)
2024-03-09,Spurs,,Devin Vassell,bruised left hip (DTD)
2024-03-10,Grizzlies,,John Konchar,sore right ankle (DTD)
2024-03-10,Grizzlies,,Vince Williams Jr.,patellar injury in left knee (out for season)
2024-03-10,Grizzlies,G.G. Jackson,,returned to lineup
2024-03-10,Grizzlies,Luke Kennard,,returned to lineup
2024-03-10,Timberwolves,,Kyle Anderson,sore right shoulder (DTD)
2024-03-10,Timberwolves,,Rudy Gobert,tightness in right hamstring (DTD)
2024-03-10,Wizards,,Richaun Holmes,sprained left big toe (DTD)
2024-03-11,Pistons,,Ausar Thompson,illness (DTD)
2024-03-11,Raptors,,Gary Trent Jr.,strained right groin (DTD)
2024-03-11,Raptors,R.J. Barrett,,returned to lineup
2024-03-11,Spurs,Devin Vassell,,returned to lineup
2024-03-12,Grizzlies,,Lamar Stevens,left adductor injury (DTD)
2024-03-12,Grizzlies,John Konchar,,returned to lineup
2024-03-12,Pacers,,James Johnson,illness (DTD)
2024-03-12,Timberwolves,Kyle Anderson,,returned to lineup
2024-03-12,Timberwolves,Rudy Gobert,,returned to lineup
2024-03-13,Hornets,,Amari Bailey,illness (DTD)
2024-03-13,Pacers,James Johnson,,returned to lineup
2024-03-15,Hawks,,Bogdan Bogdanovic,illness (DTD)
2024-03-15,Hornets,Amari Bailey,,returned to lineup
2024-03-15,Raptors,Gary Trent Jr.,,returned to lineup
2024-03-16,Cavaliers,,Dean Wade,sore right knee (DTD)
2024-03-16,Pelicans,,Herb Jones (Keyshawn),bruised lower back (DTD)
2024-03-16,Wizards,,Deni Avdija,bruised right knee (DTD)
2024-03-17,76ers,,Kai Jones,strained right hamstring (DTD)
2024-03-17,Celtics,,Jaylen Brown,sprained right ankle (DTD)
2024-03-17,Hawks,Bogdan Bogdanovic,,returned to lineup
2024-03-17,Heat,,Jimmy Butler,bruised right foot (DTD)
2024-03-17,Heat,,Nikola Jovic,strained right hamstring (DTD)
2024-03-17,Wizards,,Bilal Coulibaly,fractured right wrist (out for season)
2024-03-18,Celtics,Jaylen Brown,,returned to lineup
2024-03-18,Pistons,,Cade Cunningham,left knee injury (DTD)
2024-03-18,Pistons,,Simone Fontecchio,bruised left toe (out for season)
2024-03-19,Pelicans,Herb Jones (Keyshawn),,returned to lineup
2024-03-19,Pistons,Cade Cunningham,,returned to lineup
2024-03-20,Heat,Jimmy Butler,,returned to lineup
2024-03-20,Heat,Nikola Jovic,,returned to lineup
2024-03-20,Pistons,,Taj Gibson,right hamstring injury (DTD)
2024-03-21,Pistons,,Stanley Umude,fractured right ankle (out for season)
2024-03-22,Pistons,,Jalen Duren,back spasms (DTD)
2024-03-22,Raptors,,Gary Trent Jr.,tightness in lower back (DTD)
2024-03-23,Hornets,,J.T. Thor,left shoulder inflammation (DTD)
2024-03-23,Raptors,Gary Trent Jr.,,returned to lineup
2024-03-24,Heat,,Jaime Jaquez Jr.,various injuries (DTD)
2024-03-24,Pistons,,Cade Cunningham,left knee injury (DTD)
2024-03-25,76ers,,Kelly Oubre Jr.,sore left shoulder (DTD)
2024-03-25,Celtics,,Derrick White,sprained right hand (DTD)
2024-03-25,Grizzlies,Lamar Stevens,,returned to lineup
2024-03-25,Hornets,J.T. Thor,,returned to lineup
2024-03-25,Knicks,,Alec Burks,sprained right shoulder (DTD)
2024-03-25,Nets,,Cam Thomas,tightness in lower back (DTD)
2024-03-25,Wizards,,Deni Avdija,illness (DTD)
2024-03-25,76ers,Kai Jones,,returned to lineup
2024-03-26,Heat,Jaime Jaquez Jr.,,returned to lineup
2024-03-26,Lakers,,LeBron James,left ankle injury (DTD)
2024-03-26,Wizards,illness (DTD),,returned to lineup
2024-03-27,76ers,Kelly Oubre Jr.,,returned to lineup
2024-03-27,Celtics,Derrick White,,returned to lineup
2024-03-27,Lakers,LeBron James,,returned to lineup
2024-03-27,Nets,Cam Thomas,,returned to lineup
2024-03-27,Pistons,,Jaden Ivey,sore left knee (DTD)
2024-03-27,Pistons,Cade Cunningham,,returned to lineup
2024-03-27,Pistons,Jalen Duren,,returned to lineup
2024-03-27,Suns,,Jusuf Nurkic,sprained right ankle (DTD)
2024-03-28,Blazers,,Toumani Camara,bruised left rib (DTD)
2024-03-28,Celtics,,Al Horford,sprained left big toe (DTD)
2024-03-28,Pelicans,,Jose Alvarado,strained right oblique (DTD)
2024-03-29,Celtics,Al Horford,,returned to lineup
2024-03-29,Pistons,,Marcus Sasser,illness (DTD)
2024-03-29,Pistons,Jaden Ivey,,returned to lineup
2024-03-29,Suns,Jusuf Nurkic,,returned to lineup
2024-03-29,Warriors,,Klay Thompson,right knee tendinitis (DTD)
2024-03-31,76ers,,Tyrese Maxey,left hip injury (DTD)
2024-03-31,Blazers,,Matisse Thybulle,right ankle impingement (out for season)
2024-03-31,Lakers,,Jaxson Hayes,bruised left calf (DTD)
2024-03-31,Warriors,Klay Thompson,,returned to lineup
2024-04-01,Nets,,Cameron Johnson,sprained left big toe (DTD)
2024-04-01,Nets,,Dennis Smith Jr.,right hip injury (out for season)
2024-04-02,Bucks,,Jaylin Galloway,sprained right ankle (out for season)
2024-04-02,Lakers,Jaxson Hayes,,returned to lineup
2024-04-03,Grizzlies,,Santi Aldama,sore right foot (out for season)
2024-04-03,Hornets,,Miles Bridges,bruised right wrist (DTD)
2024-04-03,Hornets,,Vasilije Micic,strained right shoulder (DTD)
2024-04-03,Nets,Cameron Johnson,,returned to lineup
2024-04-03,Pistons,,Cade Cunningham,left knee injury (out for season)
2024-04-03,Pistons,Marcus Sasser,,returned to lineup
2024-04-03,Raptors,,Bruce Brown,sore right knee (DTD)
2024-04-03,Raptors,,Gary Trent Jr.,back spasms (DTD)
2024-04-03,Raptors,,R.J. Barrett,left knee injury (DTD)
2024-04-03,Wizards,,Johnny Davis (Christian),sprained left ankle (DTD)
2024-04-04,76ers,,Tobias Harris,bruised left knee (DTD)
2024-04-04,76ers,Tyrese Maxey,,returned to lineup
2024-04-04,Grizzlies,,Brandon Clarke,left Achilles injury (DTD)
2024-04-04,Knicks,,Julius Randle,surgery on right shoulder (out for season)
2024-04-04,Raptors,R.J. Barrett,,returned to lineup
2024-04-04,76ers,,Mo Bamba,illness (DTD)
2024-04-05,Grizzlies,,Luke Kennard,sore left knee (out for season)
2024-04-05,Hornets,Miles Bridges,,returned to lineup
2024-04-05,Hornets,Vasilije Micic,,returned to lineup
2024-04-05,Magic,,Jonathan Isaac,back spasms (DTD)
2024-04-05,Mavericks,,Maxi Kleber,back spasms (DTD)
2024-04-05,Pelicans,,Zion Williamson,bruised left finger (DTD)
2024-04-05,Raptors,Gary Trent Jr.,,returned to lineup
2024-04-05,Wizards,Johnny Davis (Christian),,returned to lineup
2024-04-06,Grizzlies,,Lamar Stevens,left groin injury (DTD)
2024-04-06,Grizzlies,Brandon Clarke,,returned to lineup
2024-04-06,Magic,Jonathan Isaac,,returned to lineup
2024-04-06,Nets,,Cameron Johnson,sprained left big toe (DTD)
2024-04-06,Pistons,,Evan Fournier,sore right knee (DTD)
2024-04-06,Pistons,,Jalen Duren,sprained left ankle (DTD)
2024-04-07,76ers,Mo Bamba,,returned to lineup
2024-04-07,Mavericks,Maxi Kleber,,returned to lineup
2024-04-07,Nets,,Dorian Finney-Smith,left knee injury (out for season)
2024-04-07,Nets,,Nic Claxton,sprained left ankle (DTD)
2024-04-07,Pelicans,Zion Williamson,,returned to lineup
2024-04-07,Raptors,Bruce Brown,,returned to lineup
2024-04-07,Wizards,,Anthony Gill,sore right knee (DTD)
2024-04-08,Pistons,Jalen Duren,,returned to lineup
2024-04-09,76ers,,K.J. Martin,bruised left toe (out for season)
2024-04-09,Blazers,,Shaedon Sharpe,surgery on abdominal (out for season)
2024-04-09,Lakers,,Anthony Davis,headache (DTD)
2024-04-09,Nets,,Jaylen Martin,sprained left ankle (out for season)
2024-04-09,Pistons,Evan Fournier,,returned to lineup
2024-04-09,Raptors,,Gradey Dick,right groin injury (DTD)
2024-04-09,Wizards,,Tristan Vukcevic,sore left knee (DTD)
2024-04-09,Wizards,Anthony Gill,,returned to lineup
2024-04-10,Grizzlies,,Brandon Clarke,bruised right hand (out for season)
2024-04-10,Grizzlies,Lamar Stevens,,returned to lineup
2024-04-10,Hawks,,Dejounte Murray,bruised right quadriceps (DTD)
2024-04-10,Hawks,,Wes Matthews Jr.,right hamstring injury (DTD)
2024-04-10,Nets,Cameron Johnson,,returned to lineup
2024-04-10,Nets,Nic Claxton,,returned to lineup
2024-04-10,Raptors,,Bruce Brown,right knee inflammation (DTD)
2024-04-10,Raptors,,Gary Trent Jr.,back spasms (DTD)
2024-04-10,Raptors,Gradey Dick,,returned to lineup
2024-04-11,Wizards,Tristan Vukcevic,,returned to lineup
2024-04-12,Bulls,,Alex Caruso,bruised left ankle (DTD)
2024-04-12,Celtics,,Derrick White,sprained left ankle (DTD)
2024-04-12,Hawks,Dejounte Murray,,returned to lineup
2024-04-12,Knicks,,Miles McBride,illness (DTD)
2024-04-12,Lakers,Anthony Davis,,returned to lineup
2024-04-12,Nets,,Cameron Johnson,sprained left big toe (out for season)
2024-04-12,Pistons,,Jalen Duren,lower back spasms (out for season)
2024-04-12,Raptors,Bruce Brown,,returned to lineup
2024-04-12,Raptors,Gary Trent Jr.,,returned to lineup
2024-04-12,Wizards,,Jordan Poole,illness (out for season)
2024-04-13,Bulls,Alex Caruso,,returned to lineup
2024-04-13,Knicks,Miles McBride,,returned to lineup
2024-04-13,Mavericks,,Dante Exum,sprained right foot (DTD)
2024-04-13,Mavericks,,Derrick Jones Jr.,sprained left shoulder (DTD)
2024-04-13,Rockets,,Dillon Brooks,left adductor injury (DTD)
2024-04-14,76ers,,De'Anthony Melton,back injury (DTD)
2024-04-14,76ers,,Joel Embiid,left knee injury (out for season)
2024-04-14,Blazers,,Scoot Henderson,sore left hip (out for season)
2024-04-14,Hornets,,Davis Bertans,sore Achilles (out for season)
2024-04-14,Raptors,,R.J. Barrett,sore knee (out for season)
2024-04-14,Wizards,,Tristan Vukcevic,sprained right ankle (out for season)
2024-04-16,Bulls,,Onuralp Bitim,detached retina in right eye (out for season)
2024-04-18,Heat,,Jimmy Butler,MCL injury in right knee (out for season)
2024-04-20,Kings,,Kevin Huerter,surgery on left shoulder to repair torn labrum (out for season) (date approximate)
2024-04-21,Celtics,Derrick White,,returned to lineup
2024-04-21,Mavericks,Dante Exum,,returned to lineup
2024-04-21,Mavericks,Derrick Jones Jr.,,returned to lineup
2024-04-25,Mavericks,,Olivier-Maxence Prosper,sprained left ankle (DTD)
2024-04-28,Knicks,,Mitchell Robinson,sprained left ankle (DTD)
2024-04-29,Heat,Delon Wright,,returned to lineup
2024-04-29,Knicks,,Bojan Bogdanovic,bruised left ankle (DTD)
2024-04-30,Cavaliers,,Jarrett Allen,bruised rib (out for season)
2024-04-30,Celtics,,Kristaps Porzingis,strained right calf (out indefinitely)
2024-04-30,Heat,,Jaime Jaquez Jr.,strained right hip flexor (out for season)
2024-04-30,Knicks,Mitchell Robinson,,returned to lineup
2024-05-03,Magic,,Gary Harris,strained right hamstring (DTD)
2024-05-05,Magic,Gary Harris,,returned to lineup
2024-05-09,Knicks,,O.G. Anunoby,strained left hamstring (DTD)
2024-05-13,Cavaliers,,Donovan Mitchell,strained left calf (out for season)
2024-05-14,Timberwolves,,Mike Conley Jr.,sore right Achilles (DTD)
2024-05-15,Cavaliers,,Caris LeVert,bruised left knee (out for season)
2024-05-16,Timberwolves,Mike Conley Jr.,,returned to lineup
2024-05-19,Knicks,O.G. Anunoby,,returned to lineup
